# trench 10 Philippine; seaward_sign -1
s_km,axis_lon,axis_lat,pick_lon,pick_lat,u_pick_km,d_m,rise_land_m,rise_sea_m,W_km,relief_outer_m
0.0,124.8910,14.7042,124.8697,14.6952,-2.5,-6865,2210,400,45.0,1240
5.0,124.9096,14.6630,124.8884,14.6540,-2.5,-6975,2270,510,37.5,1310
10.0,124.9283,14.6218,124.9070,14.6128,-2.5,-7060,2230,590,35.0,1190
15.0,124.9469,14.5806,124.9257,14.5716,-2.5,-6960,2440,670,42.5,810
20.0,124.9656,14.5394,124.9443,14.5304,-2.5,-6985,1830,720,70.0,750
25.0,124.9842,14.4983,124.9842,14.4983,0.0,-7065,1750,610,62.5,780
30.0,125.0029,14.4571,125.0241,14.4661,2.5,-7145,1880,610,55.0,1070
35.0,125.0215,14.4159,125.0428,14.4249,2.5,-7210,2230,680,40.0,1520
40.0,125.0402,14.3747,125.0614,14.3838,2.5,-7170,2030,540,17.5,1520
45.0,125.0588,14.3335,125.0801,14.3426,2.5,-6820,1900,130,50.0,920
50.0,125.0774,14.2924,125.0987,14.3014,2.5,-7125,2100,390,42.5,1180
55.0,125.0961,14.2512,125.1173,14.2602,2.5,-7075,2050,380,20.0,1110
60.0,125.1147,14.2100,125.1147,14.2100,0.0,-6850,1850,160,37.5,770
65.0,125.1334,14.1688,125.1334,14.1688,0.0,-6985,1750,700,70.0,780
70.0,125.1519,14.1276,125.1519,14.1276,0.0,-6925,1750,940,57.5,820
75.0,125.1692,14.0859,125.1692,14.0859,0.0,-7380,2450,1310,25.0,1320
80.0,125.1866,14.0442,125.1866,14.0442,0.0,-7245,2450,920,22.5,1260
85.0,125.2039,14.0025,125.2039,14.0025,0.0,-7015,1750,470,27.5,890
90.0,125.2213,13.9608,125.2213,13.9608,0.0,-6600,1460,470,77.5,570
95.0,125.2386,13.9191,125.2386,13.9191,0.0,-7170,2260,1890,25.0,1240
100.0,125.2560,13.8774,125.2560,13.8774,0.0,-7065,2340,1610,22.5,1320
105.0,125.2733,13.8357,125.2733,13.8357,0.0,-7130,2390,830,22.5,1510
110.0,125.2907,13.7941,125.2907,13.7941,0.0,-7110,2310,870,15.0,1400
115.0,125.3081,13.7524,125.2866,13.7439,-2.5,-6950,2750,600,35.0,1340
120.0,125.3254,13.7107,125.3039,13.7022,-2.5,-6935,3040,480,32.5,1090
125.0,125.3428,13.6690,125.3213,13.6606,-2.5,-6670,3040,700,35.0,810
130.0,125.3601,13.6273,125.3387,13.6189,-2.5,-7210,3630,1230,25.0,1250
135.0,125.3775,13.5856,125.3560,13.5772,-2.5,-8130,3880,2170,12.5,2200
140.0,125.3948,13.5439,125.3734,13.5355,-2.5,-8240,3810,2090,15.0,2260
145.0,125.4121,13.5023,125.3907,13.4938,-2.5,-7855,3200,1640,20.0,2410
150.0,125.4295,13.4606,125.4081,13.4521,-2.5,-8280,3210,1930,17.5,2710
155.0,125.4469,13.4189,125.4254,13.4105,-2.5,-8360,3430,1660,10.0,2790
160.0,125.4642,13.3772,125.4428,13.3688,-2.5,-8285,3370,1560,12.5,2660
165.0,125.4815,13.3355,125.4815,13.3355,0.0,-8230,3210,1830,15.0,2630
170.0,125.4987,13.2938,125.4987,13.2938,0.0,-8155,3060,1840,22.5,2530
175.0,125.5152,13.2518,125.5152,13.2518,0.0,-8200,3060,1920,15.0,2570
180.0,125.5317,13.2098,125.5533,13.2178,2.5,-8245,2800,1790,15.0,2730
185.0,125.5483,13.1678,125.5698,13.1759,2.5,-8325,2950,2110,15.0,3330
190.0,125.5648,13.1258,125.5864,13.1339,2.5,-8295,2570,1970,15.0,3310
195.0,125.5813,13.0838,125.5813,13.0838,0.0,-8105,3080,1600,25.0,2970
200.0,125.5979,13.0419,125.5763,13.0338,-2.5,-8380,4260,1990,20.0,3060
205.0,125.6144,12.9999,125.5929,12.9918,-2.5,-8425,4140,2610,17.5,2980
210.0,125.6309,12.9579,125.6094,12.9498,-2.5,-8310,4050,2570,20.0,2810
215.0,125.6475,12.9159,125.6259,12.9079,-2.5,-8385,3650,2350,22.5,2780
220.0,125.6640,12.8739,125.6429,12.8648,-2.5,-8030,3050,1640,27.5,2400
225.0,125.6805,12.8320,125.6602,12.8213,-2.5,-7985,3400,1100,27.5,2500
230.0,125.7055,12.7942,125.6861,12.7820,-2.5,-8335,4230,1680,17.5,3030
235.0,125.7342,12.7590,125.7158,12.7454,-2.5,-8360,4260,1830,17.5,3130
240.0,125.7629,12.7238,125.7269,12.6958,-5.0,-8060,3620,1800,12.5,2850
245.0,125.7916,12.6886,125.7556,12.6606,-5.0,-7910,3390,1940,12.5,2360
250.0,125.8203,12.6534,125.7843,12.6254,-5.0,-8100,3600,2730,15.0,2580
255.0,125.8490,12.6183,125.8130,12.5902,-5.0,-8275,3580,2800,20.0,2880
260.0,125.8777,12.5831,125.8237,12.5410,-7.5,-8570,4070,2550,12.5,3070
265.0,125.9064,12.5479,125.8524,12.5059,-7.5,-8560,3890,1990,15.0,2880
270.0,125.9351,12.5127,125.8811,12.4707,-7.5,-8545,4050,1730,15.0,3010
275.0,125.9638,12.4776,125.9098,12.4355,-7.5,-8560,4150,1940,12.5,2940
280.0,125.9925,12.4424,125.9205,12.3863,-10.0,-8520,4030,1780,15.0,2850
285.0,126.0212,12.4072,125.9492,12.3511,-10.0,-8565,3860,2060,12.5,2850
290.0,126.0499,12.3720,125.9779,12.3160,-10.0,-8415,3530,2270,15.0,2840
295.0,126.0786,12.3369,126.0066,12.2809,-10.0,-8220,3130,2090,15.0,2670
300.0,126.1073,12.3017,126.0289,12.2547,-10.0,-8065,2920,1890,15.0,2520
305.0,126.1358,12.2665,126.0517,12.2298,-10.0,-7990,2590,1530,22.5,2180
310.0,126.1440,12.2222,126.0558,12.1966,-10.0,-7920,2750,1480,22.5,2110
315.0,126.1512,12.1778,126.0604,12.1632,-10.0,-7650,2560,1100,30.0,1750
320.0,126.1584,12.1334,126.0676,12.1193,-10.0,-7950,3230,1300,25.0,2020
325.0,126.1656,12.0890,126.0975,12.0784,-7.5,-8040,3250,1360,27.5,2140
330.0,126.1728,12.0446,126.1047,12.0340,-7.5,-8105,3440,1120,25.0,2070
335.0,126.1800,12.0002,126.1346,11.9931,-5.0,-8110,3450,1230,25.0,2180
340.0,126.1872,11.9558,126.1418,11.9487,-5.0,-8120,3480,1140,25.0,2270
345.0,126.1944,11.9113,126.1717,11.9078,-2.5,-7890,2900,1010,27.5,1960
350.0,126.2016,11.8669,126.2016,11.8669,0.0,-7920,2580,1070,25.0,1950
355.0,126.2088,11.8225,126.2315,11.8261,2.5,-7910,2400,1310,27.5,1890
360.0,126.2160,11.7781,126.2387,11.7816,2.5,-8075,2510,1510,25.0,2010
365.0,126.2232,11.7337,126.2459,11.7372,2.5,-8075,2370,1480,25.0,1970
370.0,126.2304,11.6893,126.2532,11.6921,2.5,-8130,2330,1720,25.0,1980
375.0,126.2375,11.6449,126.2604,11.6465,2.5,-8095,2430,1860,30.0,1850
380.0,126.2386,11.5999,126.2845,11.6009,5.0,-8230,2550,1940,27.5,2040
385.0,126.2366,11.5550,126.2824,11.5538,5.0,-8740,3450,1760,15.0,2520
390.0,126.2345,11.5101,126.3033,11.5071,7.5,-8970,3170,2260,12.5,2750
395.0,126.2325,11.4652,126.3241,11.4611,10.0,-9095,3000,2050,12.5,2920
400.0,126.2304,11.4202,126.3221,11.4162,10.0,-9145,3210,1690,15.0,2830
405.0,126.2284,11.3753,126.3200,11.3713,10.0,-9080,3410,1170,17.5,2740
410.0,126.2263,11.3304,126.3409,11.3254,12.5,-9145,3300,1300,15.0,2910
415.0,126.2243,11.2855,126.3617,11.2794,15.0,-9145,3000,1620,15.0,2860
420.0,126.2222,11.2406,126.3596,11.2345,15.0,-9170,3090,1450,22.5,2810
425.0,126.2202,11.1956,126.3576,11.1896,15.0,-9165,3360,1130,22.5,2740
430.0,126.2181,11.1507,126.4242,11.1421,22.5,-9310,2270,1900,20.0,2870
435.0,126.2161,11.1058,126.4218,11.1200,22.5,-9315,2420,1900,17.5,2990
440.0,126.2145,11.0610,126.4169,11.0994,22.5,-9280,2910,1850,17.5,2990
445.0,126.2329,11.0198,126.4291,11.0819,22.5,-9310,2850,1890,15.0,3030
450.0,126.2521,10.9789,126.4397,11.0628,22.5,-9140,2450,1720,17.5,2890
455.0,126.2713,10.9381,126.4584,11.0229,22.5,-9160,2160,1720,17.5,2910
460.0,126.2905,10.8973,126.4568,10.9727,20.0,-9015,2100,1310,22.5,2630
465.0,126.3096,10.8565,126.4552,10.9224,17.5,-9215,2680,1300,17.5,2840
470.0,126.3289,10.8156,126.4743,10.8816,17.5,-9675,3290,2540,17.5,3140
475.0,126.3480,10.7748,126.4935,10.8408,17.5,-9855,3270,3490,17.5,3290
480.0,126.3672,10.7340,126.5127,10.8000,17.5,-9790,3040,4010,17.5,3330
485.0,126.3864,10.6932,126.5319,10.7592,17.5,-9785,2440,2840,17.5,3510
490.0,126.4056,10.6524,126.5302,10.7089,15.0,-9815,3060,2440,20.0,3720
495.0,126.4248,10.6115,126.5494,10.6681,15.0,-9795,3290,2250,22.5,3520
500.0,126.4440,10.5707,126.5686,10.6273,15.0,-9525,2840,2070,22.5,3050
505.0,126.4632,10.5299,126.6085,10.5959,17.5,-9615,2720,2410,20.0,3220
510.0,126.4824,10.4891,126.6277,10.5551,17.5,-9615,2760,2510,20.0,3210
515.0,126.5016,10.4483,126.5846,10.4860,10.0,-9735,3080,2340,22.5,3220
520.0,126.5208,10.4075,126.6038,10.4452,10.0,-9920,3130,2570,12.5,3500
525.0,126.5400,10.3667,126.6233,10.4036,10.0,-9980,3220,2750,12.5,3740
530.0,126.5591,10.3258,126.6438,10.3596,10.0,-10010,3360,3020,12.5,3810
535.0,126.5766,10.2843,126.6410,10.3073,7.5,-9950,3440,2430,12.5,3760
540.0,126.5894,10.2411,126.6546,10.2618,7.5,-9995,3440,2200,17.5,3730
545.0,126.6022,10.1980,126.6680,10.2168,7.5,-10010,3270,2010,17.5,3630
550.0,126.6150,10.1548,126.6807,10.1737,7.5,-9955,3290,1860,20.0,3590
555.0,126.6277,10.1116,126.7154,10.1368,10.0,-9845,2680,2300,22.5,3640
560.0,126.6405,10.0684,126.7282,10.0936,10.0,-9855,2780,2330,17.5,3570
565.0,126.6533,10.0253,126.7410,10.0505,10.0,-9780,2480,2070,20.0,3480
570.0,126.6661,9.9821,126.7538,10.0073,10.0,-9725,2480,1890,20.0,3440
575.0,126.6789,9.9389,126.7666,9.9641,10.0,-9595,2070,2050,20.0,3340
580.0,126.6917,9.8958,126.7793,9.9210,10.0,-9490,2080,2130,22.5,3030
585.0,126.7045,9.8526,126.7921,9.8778,10.0,-9680,2480,2230,17.5,3380
590.0,126.7173,9.8095,126.8049,9.8347,10.0,-9610,2470,2140,17.5,3240
595.0,126.7301,9.7663,126.8177,9.7915,10.0,-9630,2780,2130,17.5,3290
600.0,126.7429,9.7231,126.8304,9.7483,10.0,-9835,3370,2140,17.5,3520
605.0,126.7556,9.6800,126.8432,9.7052,10.0,-9980,3560,2340,12.5,3810
610.0,126.7684,9.6368,126.8560,9.6620,10.0,-9930,3240,2280,17.5,3680
615.0,126.7812,9.5936,126.8688,9.6189,10.0,-9900,3280,2220,15.0,3550
620.0,126.7940,9.5505,126.8815,9.5757,10.0,-9860,3230,2250,17.5,3510
625.0,126.8068,9.5073,126.8942,9.5329,10.0,-9855,3070,2390,17.5,3480
630.0,126.8196,9.4642,126.9068,9.4904,10.0,-9940,3260,2260,12.5,3640
635.0,126.8332,9.4212,126.9202,9.4481,10.0,-10045,3590,2340,12.5,3750
640.0,126.8472,9.3785,126.9340,9.4059,10.0,-10070,3630,2240,12.5,3750
645.0,126.8612,9.3357,126.9479,9.3633,10.0,-10070,3440,2360,10.0,3730
650.0,126.8752,9.2929,126.9619,9.3205,10.0,-10025,3140,2210,15.0,3660
655.0,126.8892,9.2501,126.9759,9.2778,10.0,-9720,2970,1910,15.0,3420
660.0,126.9033,9.2073,126.9683,9.2281,7.5,-9680,3130,1680,15.0,3390
665.0,126.9173,9.1645,126.9823,9.1853,7.5,-9715,3480,1770,15.0,3380
670.0,126.9313,9.1217,127.0180,9.1494,10.0,-9670,3010,2200,17.5,3440
675.0,126.9453,9.0790,127.0320,9.1066,10.0,-9720,3220,2360,17.5,3480
680.0,126.9593,9.0362,127.0460,9.0639,10.0,-9795,3230,2620,17.5,3420
685.0,126.9734,8.9934,127.0600,9.0211,10.0,-9825,3350,2300,12.5,3550
690.0,126.9874,8.9506,127.0740,8.9783,10.0,-9600,3120,2220,12.5,3550
695.0,127.0014,8.9078,127.0880,8.9355,10.0,-9335,2850,1890,12.5,3360
700.0,127.0154,8.8651,127.1020,8.8927,10.0,-9230,2790,1990,12.5,3100
705.0,127.0294,8.8223,127.1161,8.8496,10.0,-8855,2300,1840,17.5,2610
710.0,127.0434,8.7795,127.1305,8.8057,10.0,-8750,2160,1950,17.5,2580
715.0,127.0567,8.7365,127.1441,8.7616,10.0,-8660,1970,2210,17.5,2660
720.0,127.0685,8.6931,127.1562,8.7171,10.0,-8625,1840,2080,17.5,2680
725.0,127.0802,8.6496,127.1681,8.6728,10.0,-8630,1950,2040,15.0,2710
730.0,127.0920,8.6062,127.1579,8.6236,7.5,-8445,1870,1720,17.5,2920
735.0,127.1037,8.5627,127.1696,8.5802,7.5,-8280,1790,1690,30.0,2920
740.0,127.1155,8.5193,127.1594,8.5309,5.0,-8450,2260,1690,25.0,3100
745.0,127.1272,8.4759,127.1711,8.4875,5.0,-8645,2620,1860,20.0,3020
750.0,127.1390,8.4324,127.2048,8.4498,7.5,-8760,2570,2090,20.0,2890
755.0,127.1507,8.3890,127.2166,8.4064,7.5,-9020,3030,2150,20.0,3070
760.0,127.1625,8.3455,127.2283,8.3630,7.5,-8960,2780,2200,20.0,3010
765.0,127.1742,8.3021,127.2401,8.3195,7.5,-8995,2820,1850,20.0,3050
770.0,127.1860,8.2587,127.2518,8.2761,7.5,-9025,3050,2100,20.0,3060
775.0,127.1977,8.2152,127.2637,8.2319,7.5,-8880,2730,1730,17.5,2840
780.0,127.2094,8.1718,127.2763,8.1845,7.5,-9100,2560,2170,17.5,3050
785.0,127.2192,8.1279,127.2867,8.1365,7.5,-9260,2430,2320,15.0,3570
790.0,127.2200,8.0829,127.2879,8.0874,7.5,-9275,2450,2340,10.0,3550
795.0,127.2207,8.0380,127.2889,8.0391,7.5,-9120,2520,2210,15.0,3440
800.0,127.2215,7.9930,127.2896,7.9942,7.5,-9135,2940,2530,15.0,3430
805.0,127.2223,7.9480,127.2904,7.9492,7.5,-8885,2530,1630,17.5,3490
810.0,127.2231,7.9031,127.2912,7.9043,7.5,-8895,2520,2150,17.5,3790
815.0,127.2239,7.8581,127.2920,7.8593,7.5,-8725,2330,1450,20.0,3150
820.0,127.2247,7.8132,127.2928,7.8144,7.5,-8745,2040,1630,15.0,3070
825.0,127.2255,7.7682,127.2936,7.7694,7.5,-8645,2030,1020,22.5,2420
830.0,127.2263,7.7233,127.3171,7.7248,10.0,-8745,1900,2150,22.5,2430
835.0,127.2271,7.6783,127.3179,7.6799,10.0,-8980,2260,2300,20.0,2800
840.0,127.2279,7.6333,127.3187,7.6349,10.0,-8985,2490,2400,20.0,2900
845.0,127.2287,7.5884,127.3194,7.5899,10.0,-9005,2370,2290,17.5,3010
850.0,127.2295,7.5434,127.3202,7.5450,10.0,-9095,2330,2160,17.5,3140
855.0,127.2303,7.4985,127.3210,7.5000,10.0,-9190,2420,2110,17.5,3150
860.0,127.2311,7.4535,127.3218,7.4551,10.0,-8965,2170,1940,27.5,2790
865.0,127.2319,7.4085,127.3226,7.4101,10.0,-9350,2550,2110,22.5,3130
870.0,127.2327,7.3636,127.3234,7.3652,10.0,-9440,2620,2000,22.5,3420
875.0,127.2335,7.3186,127.3242,7.3202,10.0,-9505,2830,2000,20.0,3440
880.0,127.2343,7.2737,127.3250,7.2753,10.0,-9520,2880,2020,20.0,3450
885.0,127.2352,7.2287,127.3258,7.2304,10.0,-9595,2820,2170,20.0,3470
890.0,127.2360,7.1837,127.3267,7.1854,10.0,-9585,2380,2290,20.0,3450
895.0,127.2369,7.1388,127.3275,7.1405,10.0,-9615,2250,2350,20.0,3490
900.0,127.2377,7.0938,127.3284,7.0955,10.0,-9625,2420,2550,17.5,3530
905.0,127.2386,7.0489,127.3292,7.0506,10.0,-9675,2480,2600,17.5,3710
910.0,127.2394,7.0039,127.3300,7.0056,10.0,-9705,2250,2660,17.5,3860
915.0,127.2403,6.9590,127.3309,6.9606,10.0,-9715,2140,2820,17.5,3870
920.0,127.2412,6.9140,127.3317,6.9157,10.0,-9700,2140,3010,15.0,3950
925.0,127.2420,6.8690,127.3326,6.8707,10.0,-9670,2030,3130,17.5,4020
930.0,127.2429,6.8241,127.3334,6.8258,10.0,-9620,1890,2850,17.5,3980
935.0,127.2437,6.7791,127.3343,6.7808,10.0,-9550,1540,2550,20.0,3910
940.0,127.2446,6.7342,127.3351,6.7358,10.0,-9560,1480,2470,20.0,3820
945.0,127.2454,6.6892,127.3359,6.6909,10.0,-9435,1370,2220,25.0,3550
950.0,127.2463,6.6442,127.3594,6.6464,12.5,-9400,1160,2240,27.5,3480
955.0,127.2471,6.5993,127.3603,6.6014,12.5,-9410,1120,2360,27.5,3270
960.0,127.2480,6.5543,127.3611,6.5566,12.5,-9505,1300,2640,25.0,3370
965.0,127.2488,6.5094,127.3617,6.5174,12.5,-9550,1580,2700,22.5,3470
970.0,127.2499,6.4645,127.3617,6.4820,12.5,-9535,1660,2680,20.0,3450
975.0,127.2600,6.4206,127.3478,6.4422,10.0,-9465,1870,2230,22.5,3370
980.0,127.2759,6.3786,127.3617,6.4074,10.0,-9570,1710,2470,25.0,3490
985.0,127.2919,6.3365,127.3766,6.3682,10.0,-9550,1850,2640,22.5,3570
990.0,127.3079,6.2944,127.3714,6.3182,7.5,-9455,2170,2330,17.5,3590
995.0,127.3239,6.2523,127.3873,6.2762,7.5,-9315,1620,2360,22.5,3530
1000.0,127.3398,6.2103,127.3822,6.2262,5.0,-9190,1230,1990,30.0,3460
1005.0,127.3558,6.1682,127.3770,6.1762,2.5,-9460,1990,1890,27.5,3700
1010.0,127.3718,6.1261,127.3929,6.1341,2.5,-9500,2020,2230,22.5,3760
1015.0,127.3878,6.0841,127.4089,6.0920,2.5,-9450,2220,2390,25.0,3720
1020.0,127.4037,6.0420,127.4249,6.0500,2.5,-9065,1950,2060,27.5,3380
1025.0,127.4197,5.9999,127.4409,6.0079,2.5,-8930,2020,1960,27.5,3310
1030.0,127.4357,5.9579,127.5000,5.9794,7.5,-8765,1460,2400,32.5,3180
1035.0,127.4514,5.9157,127.5170,5.9329,7.5,-8655,1700,2350,30.0,3120
1040.0,127.4613,5.8719,127.5279,5.8846,7.5,-8635,1840,2150,27.5,3020
1045.0,127.4654,5.8271,127.5327,5.8354,7.5,-8540,1870,2070,30.0,2980
1050.0,127.4695,5.7823,127.5596,5.7905,10.0,-8475,1800,2550,30.0,2950
1055.0,127.4737,5.7375,127.5862,5.7478,12.5,-8620,1550,2940,27.5,3100
1060.0,127.4778,5.6928,127.5903,5.7030,12.5,-8605,1970,2040,27.5,3030
1065.0,127.4819,5.6480,127.6169,5.6603,15.0,-8650,2230,2010,25.0,3220
1070.0,127.4861,5.6032,127.6210,5.6156,15.0,-8750,1730,2330,22.5,3300
1075.0,127.4902,5.5584,127.6473,5.5767,17.5,-9115,1890,2850,20.0,3660
1080.0,127.4945,5.5137,127.6446,5.5631,17.5,-9130,1920,2830,20.0,3700
1085.0,127.5029,5.4704,127.6385,5.5513,17.5,-9080,1830,2620,20.0,3540
1090.0,127.5391,5.4436,127.6542,5.5516,17.5,-9105,1560,2440,22.5,3530
1095.0,127.5754,5.4168,127.6562,5.5251,15.0,-9110,1690,2310,22.5,3470
1100.0,127.6116,5.3900,127.6790,5.4802,12.5,-9065,1150,2520,20.0,3460
1105.0,127.6479,5.3632,127.7018,5.4354,10.0,-8935,2480,2370,22.5,3300
1110.0,127.6841,5.3363,127.7380,5.4085,10.0,-8995,1960,2440,17.5,3420
1115.0,127.7204,5.3095,127.7743,5.3817,10.0,-8845,1730,2350,22.5,3340
1120.0,127.7566,5.2827,127.7973,5.3367,7.5,-8650,1710,2120,22.5,3230
1125.0,127.7929,5.2559,127.8222,5.2901,5.0,-8495,1360,1980,20.0,3110
1130.0,127.8286,5.2285,127.8607,5.2601,5.0,-8570,1010,2240,22.5,3280
1135.0,127.8569,5.1935,127.8915,5.2223,5.0,-8415,710,2100,22.5,2990
1140.0,127.8823,5.1563,127.9191,5.1823,5.0,-8345,630,2140,35.0,3020
1145.0,127.9077,5.1191,127.9450,5.1444,5.0,-8325,520,2070,32.5,2950
1150.0,127.9331,5.0820,127.9704,5.1073,5.0,-8310,590,2010,32.5,2850
1155.0,127.9585,5.0448,127.9958,5.0701,5.0,-8370,1190,1950,27.5,2800
1160.0,127.9839,5.0076,128.0212,5.0329,5.0,-8365,1310,2060,27.5,2670
1165.0,128.0093,4.9705,128.0466,4.9958,5.0,-8390,1370,1830,27.5,2670
1170.0,128.0347,4.9333,128.0720,4.9586,5.0,-8350,1400,1750,25.0,2640
1175.0,128.0601,4.8961,128.0974,4.9214,5.0,-8355,1470,1720,27.5,2650
1180.0,128.0855,4.8590,128.1228,4.8842,5.0,-8480,1280,1980,27.5,2800
1185.0,128.1109,4.8218,128.1485,4.8467,5.0,-8405,930,2010,37.5,2740
1190.0,128.1362,4.7846,128.1744,4.8086,5.0,-8265,880,1980,35.0,2760
1195.0,128.1602,4.7465,128.1989,4.7696,5.0,-8190,1120,2070,32.5,2790
1200.0,128.1819,4.7071,128.2211,4.7293,5.0,-8020,1560,1970,30.0,2810
1205.0,128.2036,4.6676,128.2432,4.6893,5.0,-8115,1910,2150,22.5,2920
1210.0,128.2253,4.6282,128.2649,4.6499,5.0,-8075,2090,2080,17.5,2970
1215.0,128.2470,4.5888,128.2866,4.6104,5.0,-7915,2020,1810,17.5,2870
1220.0,128.2687,4.5494,128.3281,4.5818,7.5,-7865,1860,2220,20.0,2700
1225.0,128.2904,4.5100,128.3498,4.5424,7.5,-8005,2060,2180,15.0,2940
1230.0,128.3122,4.4706,128.3517,4.4922,5.0,-7885,2390,1890,15.0,2980
1235.0,128.3339,4.4311,128.3734,4.4528,5.0,-7975,2560,2290,12.5,3000
1240.0,128.3556,4.3917,128.3953,4.4130,5.0,-7760,2420,2090,17.5,2370
1245.0,128.3772,4.3523,128.4172,4.3729,5.0,-7330,1960,1780,27.5,1820
1250.0,128.3975,4.3121,128.4379,4.3321,5.0,-7195,1750,1510,32.5,1760
1255.0,128.4166,4.2714,128.4573,4.2907,5.0,-7140,2010,1250,30.0,1730
1260.0,128.4357,4.2307,128.4766,4.2497,5.0,-7095,2290,1030,32.5,1700
1265.0,128.4548,4.1899,128.5161,4.2185,7.5,-7045,1570,1070,35.0,1690
1270.0,128.4739,4.1492,128.5351,4.1777,7.5,-6915,1460,940,45.0,1570
1275.0,128.4929,4.1084,128.5746,4.1465,10.0,-6935,1160,1020,40.0,1650
1280.0,128.5120,4.0677,128.5937,4.1058,10.0,-6875,1350,960,42.5,1570
1285.0,128.5311,4.0269,128.6128,4.0650,10.0,-6845,1080,950,42.5,1490
1290.0,128.5502,3.9862,128.6319,4.0243,10.0,-6735,830,910,37.5,1790
1295.0,128.5693,3.9455,128.6509,3.9835,10.0,-6695,1100,870,35.0,1380
1300.0,128.5883,3.9047,128.6700,3.9428,10.0,-6535,1040,740,45.0,1170
1305.0,128.6074,3.8640,128.6891,3.9021,10.0,-6500,960,720,50.0,1190
1310.0,128.6265,3.8233,128.7082,3.8613,10.0,-6455,930,720,52.5,1280
1315.0,128.6456,3.7825,128.7272,3.8207,10.0,-6220,890,710,55.0,1200
1320.0,128.6646,3.7418,128.7458,3.7809,10.0,-6110,1040,1390,37.5,1080
1325.0,128.6839,3.7011,128.7645,3.7414,10.0,-6145,1020,1640,37.5,1130
1330.0,128.7049,3.6614,128.8050,3.7130,12.5,-6005,690,1120,25.0,1050
1335.0,128.7262,3.6217,128.8256,3.6746,12.5,-6015,1020,980,35.0,1070
1340.0,128.7474,3.5820,128.8865,3.6562,17.5,-5985,500,1130,47.5,1060
1345.0,128.7686,3.5424,128.9077,3.6166,17.5,-5950,500,1100,52.5,1040
1350.0,128.7899,3.5027,128.9289,3.5769,17.5,-5955,680,1630,50.0,1040
1355.0,128.8111,3.4631,128.9303,3.5267,15.0,-6020,900,1440,32.5,1140
1360.0,128.8323,3.4234,128.9118,3.4658,10.0,-5885,1420,1070,30.0,1230
1365.0,128.8536,3.3838,128.9330,3.4261,10.0,-5740,1430,730,25.0,1240
1370.0,128.8748,3.3441,128.9543,3.3865,10.0,-5355,1190,310,47.5,1110
1375.0,128.8960,3.3044,128.9755,3.3468,10.0,-5560,1490,470,42.5,1470
1380.0,128.9173,3.2648,128.9967,3.3072,10.0,-5685,1560,600,42.5,1770
1385.0,128.9385,3.2251,129.0378,3.2781,12.5,-5680,1240,650,45.0,1730
1390.0,128.9597,3.1855,129.0790,3.2489,15.0,-5675,1110,790,50.0,1700
1395.0,128.9810,3.1458,129.1007,3.2082,15.0,-5665,1030,790,52.5,1690
1400.0,129.0019,3.1060,129.1222,3.1675,15.0,-5605,860,820,55.0,1640
1405.0,129.0219,3.0657,129.1426,3.1262,15.0,-5525,870,870,57.5,1720
1410.0,129.0418,3.0254,129.1629,3.0851,15.0,-5515,800,930,45.0,1900
1415.0,129.0617,2.9851,129.1829,3.0447,15.0,-5585,790,1190,42.5,2100
1420.0,129.0816,2.9447,129.1826,2.9945,12.5,-5635,870,1390,42.5,2290
1425.0,129.1015,2.9044,129.2025,2.9541,12.5,-5620,900,1360,42.5,2680
1430.0,129.1215,2.8641,129.2224,2.9138,12.5,-5615,990,1500,40.0,2980
1435.0,129.1414,2.8237,129.2423,2.8735,12.5,-5530,1030,1610,35.0,3010
1440.0,129.1613,2.7834,129.2623,2.8330,12.5,-5340,890,1620,47.5,2960
1445.0,129.1812,2.7431,129.2424,2.7716,7.5,-5180,820,1530,45.0,2890
1450.0,129.2010,2.7027,129.2648,2.7247,7.5,-5060,760,2280,42.5,2800
1455.0,129.2174,2.6611,129.2832,2.6763,7.5,-4810,640,2440,45.0,2510
1460.0,129.2191,2.6162,129.2861,2.6244,7.5,-4955,780,2540,42.5,2700
1465.0,129.2209,2.5712,129.2883,2.5739,7.5,-5000,850,2520,30.0,2770
1470.0,129.2226,2.5263,129.2901,2.5289,7.5,-4545,580,1890,42.5,2340
1475.0,129.2244,2.4814,129.2918,2.4840,7.5,-4625,760,1710,30.0,2280
1480.0,129.2261,2.4364,129.2936,2.4391,7.5,-4250,590,1240,50.0,2000
1485.0,129.2279,2.3915,129.2954,2.3941,7.5,-4190,740,1450,47.5,1750
1490.0,129.2297,2.3466,129.2521,2.3475,2.5,-3550,260,1550,55.0,1230
1495.0,129.2314,2.3016,129.2539,2.3025,2.5,-3385,140,2570,62.5,1140
1500.0,129.2332,2.2567,129.2557,2.2576,2.5,-3440,370,1770,65.0,620
1505.0,129.2349,2.2118,129.2574,2.2127,2.5,-3655,1070,1420,27.5,60
1510.0,129.2367,2.1669,129.2592,2.1677,2.5,-3960,1830,930,20.0,130
1515.0,129.2384,2.1219,129.2609,2.1228,2.5,-4175,2270,1060,22.5,130
1520.0,129.2402,2.0770,129.2627,2.0779,2.5,-4175,2340,1420,25.0,-30
1525.0,129.2419,2.0321,129.2644,2.0329,2.5,-4395,2430,950,35.0,20
1530.0,129.2437,1.9871,129.2662,1.9876,2.5,-4730,2610,470,72.5,290
1535.0,129.2452,1.9422,129.2902,1.9421,5.0,-5030,2250,550,72.5,530
1540.0,129.2443,1.8972,129.3567,1.8944,12.5,-5050,1480,440,77.5,580
1545.0,129.2417,1.8523,129.3541,1.8470,12.5,-5015,1380,580,80.0,510
1550.0,129.2392,1.8074,129.3515,1.8011,12.5,-4970,880,520,82.5,510
1555.0,129.2367,1.7626,129.3490,1.7562,12.5,-5050,1170,520,75.0,640
1560.0,129.2341,1.7177,129.3464,1.7113,12.5,-4990,1210,460,80.0,600
1565.0,129.2316,1.6728,129.3439,1.6664,12.5,-4990,1000,620,82.5,610
1570.0,129.2291,1.6279,129.3413,1.6215,12.5,-4955,1070,1430,32.5,710
1575.0,129.2265,1.5830,129.3388,1.5766,12.5,-4860,920,730,85.0,620
1580.0,129.2240,1.5381,129.3363,1.5317,12.5,-4825,840,490,85.0,590
1585.0,129.2215,1.4932,129.3337,1.4868,12.5,-4815,710,450,85.0,630
1590.0,129.2189,1.4483,129.3088,1.4432,10.0,-4805,900,540,60.0,820
1595.0,129.2164,1.4034,129.2838,1.3996,7.5,-4680,660,1230,42.5,1340
1600.0,129.2139,1.3585,129.2139,1.3585,0.0,-4145,720,1160,42.5,1210
1605.0,129.2113,1.3136,129.0542,1.3225,-17.5,-3795,2140,50,40.0,1200
1610.0,129.2088,1.2687,129.0516,1.2776,-17.5,-3710,2280,920,30.0,1290
1615.0,129.2063,1.2238,129.0267,1.2339,-20.0,-3235,2030,1240,25.0,1130
1620.0,129.2037,1.1789,129.0241,1.1890,-20.0,-2780,1380,1170,25.0,1490
1625.0,129.2012,1.1340,129.0216,1.1441,-20.0,-2645,1190,1200,27.5,1790
1630.0,129.1987,1.0891,129.0191,1.0992,-20.0,-2365,930,740,42.5,1450
