trench_id,trench,bnd_index,s_km,lon,lat
1,Aleutian,1,85.0,165.1522,54.9255
1,Aleutian,2,155.0,166.101,54.6172
1,Aleutian,3,310.0,168.2009,53.9397
1,Aleutian,4,370.0,169.0095,53.6971
1,Aleutian,5,400.0,169.4138,53.5759
1,Aleutian,6,435.0,169.8855,53.4344
1,Aleutian,7,465.0,170.2898,53.3131
1,Aleutian,8,505.0,170.8289,53.1513
1,Aleutian,9,535.0,171.2332,53.03
1,Aleutian,10,565.0,171.6375,52.9088
1,Aleutian,11,680.0,173.1613,52.4516
1,Aleutian,12,710.0,173.5567,52.333
1,Aleutian,13,740.0,173.9522,52.2143
1,Aleutian,14,805.0,174.809,51.9573
1,Aleutian,15,835.0,175.2044,51.8387
1,Aleutian,16,895.0,175.9953,51.6014
1,Aleutian,17,955.0,176.8343,51.4748
1,Aleutian,18,1065.0,178.3731,51.244
1,Aleutian,19,1105.0,178.9326,51.1601
1,Aleutian,20,1140.0,179.4223,51.0867
1,Aleutian,21,1180.0,179.9818,51.0027
1,Aleutian,22,1330.0,182.1252,51.0
1,Aleutian,23,1365.0,182.6254,51.0
1,Aleutian,24,1465.0,184.0539,51.0067
1,Aleutian,25,1535.0,185.0403,51.13
1,Aleutian,26,1575.0,185.604,51.2005
1,Aleutian,27,1665.0,186.8722,51.359
1,Aleutian,28,1715.0,187.5768,51.4471
1,Aleutian,29,1820.0,189.0396,51.7079
1,Aleutian,30,1850.0,189.4556,51.7911
1,Aleutian,31,1920.0,190.4263,51.9853
1,Aleutian,32,1960.0,190.9809,52.0962
1,Aleutian,33,2000.0,191.5356,52.2071
1,Aleutian,34,2505.0,198.5031,53.9509
1,Aleutian,35,2585.0,199.5894,54.2768
1,Aleutian,36,2670.0,200.761,54.6283
1,Aleutian,37,2700.0,201.1779,54.7534
1,Aleutian,38,2730.0,201.5948,54.8784
1,Aleutian,39,3055.0,206.1231,56.29
1,Aleutian,40,3090.0,206.6123,56.449
1,Aleutian,41,3125.0,207.1014,56.608
1,Aleutian,42,3165.0,207.6604,56.7896
1,Aleutian,43,3215.0,208.3686,57.0198
1,Aleutian,44,3245.0,208.7987,57.1596
1,Aleutian,45,3280.0,209.3006,57.3227
1,Aleutian,46,3325.0,209.9459,57.5324
1,Aleutian,47,3425.0,211.3798,57.9984
1,Aleutian,48,3475.0,212.0893,58.2393
1,Aleutian,49,3540.0,212.9487,58.6174
2,Kuril-Kamchatka,1,15.0,163.0831,55.4831
2,Kuril-Kamchatka,2,45.0,162.8492,55.2492
2,Kuril-Kamchatka,3,80.0,162.5763,54.9763
2,Kuril-Kamchatka,4,155.0,161.9915,54.3915
2,Kuril-Kamchatka,5,185.0,161.76,54.1573
2,Kuril-Kamchatka,6,240.0,161.3552,53.7256
2,Kuril-Kamchatka,7,270.0,161.1344,53.49
2,Kuril-Kamchatka,8,335.0,160.656,52.9797
2,Kuril-Kamchatka,9,365.0,160.4352,52.7442
2,Kuril-Kamchatka,10,420.0,160.0328,52.315
2,Kuril-Kamchatka,11,450.0,159.814,52.0816
2,Kuril-Kamchatka,12,495.0,159.4858,51.7315
2,Kuril-Kamchatka,13,525.0,159.2669,51.498
2,Kuril-Kamchatka,14,555.0,159.0481,51.2646
2,Kuril-Kamchatka,15,590.0,158.7922,50.9927
2,Kuril-Kamchatka,16,735.0,157.643,49.9153
2,Kuril-Kamchatka,17,765.0,157.4052,49.6924
2,Kuril-Kamchatka,18,820.0,156.97,49.2864
2,Kuril-Kamchatka,19,1260.0,153.3975,46.148
2,Kuril-Kamchatka,20,1505.0,151.2895,44.5171
2,Kuril-Kamchatka,21,1555.0,150.8443,44.1993
2,Kuril-Kamchatka,22,1725.0,149.2655,43.1817
2,Kuril-Kamchatka,23,1840.0,148.123,42.5769
2,Kuril-Kamchatka,24,1885.0,147.6759,42.3402
2,Kuril-Kamchatka,25,2050.0,145.9675,41.5745
2,Kuril-Kamchatka,26,2080.0,145.6551,41.4396
2,Kuril-Kamchatka,27,2150.0,144.9227,41.1345
3,Japan,1,5.0,144.5855,40.8564
3,Japan,2,50.0,144.4547,40.4641
3,Japan,3,210.0,144.0194,39.0647
3,Japan,4,380.0,143.7111,37.5553
3,Japan,5,430.0,143.6222,37.1112
3,Japan,6,505.0,143.4361,36.4537
3,Japan,7,545.0,143.3312,36.104
3,Japan,8,575.0,143.1839,35.8673
3,Japan,9,605.0,142.9916,35.6475
3,Japan,10,635.0,142.7992,35.4277
3,Japan,11,675.0,142.5323,35.142
3,Japan,12,740.0,142.0395,34.7196
3,Japan,13,785.0,141.7155,34.4155
4,Izu-Bonin,1,20.0,141.6893,33.9363
4,Izu-Bonin,2,55.0,141.8456,33.6497
4,Izu-Bonin,3,110.0,142.0912,33.1994
4,Izu-Bonin,4,155.0,142.2704,32.8241
4,Izu-Bonin,5,185.0,142.3726,32.5685
4,Izu-Bonin,6,235.0,142.543,32.1424
4,Izu-Bonin,7,330.0,142.8046,31.3179
4,Izu-Bonin,8,360.0,142.883,31.0565
4,Izu-Bonin,9,390.0,142.9211,30.7893
4,Izu-Bonin,10,510.0,143.0286,29.7141
4,Izu-Bonin,11,650.0,143.046,28.4599
4,Izu-Bonin,12,685.0,143.0146,28.1463
4,Izu-Bonin,13,825.0,142.8892,26.8922
4,Izu-Bonin,14,860.0,142.8579,26.5787
4,Izu-Bonin,15,905.0,142.8176,26.1756
4,Izu-Bonin,16,935.0,142.8093,25.9069
4,Izu-Bonin,17,1025.0,142.8899,25.1007
4,Izu-Bonin,18,1055.0,142.9599,24.8404
5,Mariana,1,115.0,143.9503,23.4546
5,Mariana,2,175.0,144.2896,23.0135
5,Mariana,3,215.0,144.5083,22.716
5,Mariana,4,245.0,144.672,22.4927
5,Mariana,5,280.0,144.863,22.2323
5,Mariana,6,325.0,145.1085,21.8974
5,Mariana,7,390.0,145.459,21.4116
5,Mariana,8,450.0,145.7642,20.9537
5,Mariana,9,495.0,145.9932,20.6102
5,Mariana,10,555.0,146.2984,20.1523
5,Mariana,11,595.0,146.4859,19.839
5,Mariana,12,630.0,146.6358,19.5579
5,Mariana,13,660.0,146.7643,19.3169
5,Mariana,14,705.0,146.9571,18.9554
5,Mariana,15,755.0,147.1713,18.5538
5,Mariana,16,810.0,147.3123,18.079
5,Mariana,17,925.0,147.5796,17.0766
5,Mariana,18,1005.0,147.6426,16.3609
5,Mariana,19,1035.0,147.6606,16.0916
5,Mariana,20,1065.0,147.6785,15.8224
5,Mariana,21,1105.0,147.6928,15.464
5,Mariana,22,1200.0,147.525,14.6252
5,Mariana,23,2035.0,141.4395,11.5316
5,Mariana,24,2075.0,141.0869,11.6323
6,Yap,1,25.0,139.4526,10.7281
6,Yap,2,55.0,139.2758,10.5218
6,Yap,3,85.0,139.0989,10.3154
6,Yap,4,225.0,138.3397,9.3036
6,Yap,5,255.0,138.1962,9.074
6,Yap,6,290.0,138.0288,8.8062
7,Palau,1,20.0,135.0564,8.1254
7,Palau,2,50.0,134.9909,7.8635
7,Palau,3,105.0,134.8709,7.3834
7,Palau,4,200.0,134.6814,6.5509
7,Palau,5,235.0,134.6423,6.2386
7,Palau,6,265.0,134.6089,5.9708
8,Ryukyu,1,15.0,131.7381,30.8761
8,Ryukyu,2,45.0,131.6142,30.6283
8,Ryukyu,3,105.0,131.3664,30.1328
8,Ryukyu,4,145.0,131.1648,29.8198
8,Ryukyu,5,185.0,130.9388,29.5184
8,Ryukyu,6,225.0,130.7128,29.2171
8,Ryukyu,7,255.0,130.5239,29.0043
8,Ryukyu,8,320.0,130.1109,28.5455
8,Ryukyu,9,350.0,129.9203,28.3337
8,Ryukyu,10,380.0,129.7212,28.1291
8,Ryukyu,11,420.0,129.4362,27.8726
8,Ryukyu,12,450.0,129.2224,27.6802
8,Ryukyu,13,480.0,129.0087,27.4878
8,Ryukyu,14,535.0,128.5953,27.1583
8,Ryukyu,15,565.0,128.3563,26.9929
8,Ryukyu,16,630.0,127.8387,26.6345
8,Ryukyu,17,720.0,127.1051,26.163
8,Ryukyu,18,750.0,126.8555,26.0133
8,Ryukyu,19,930.0,125.3396,25.1478
8,Ryukyu,20,1020.0,124.5695,24.737
8,Ryukyu,21,1065.0,124.1859,24.5325
8,Ryukyu,22,1100.0,123.8878,24.3735
8,Ryukyu,23,1165.0,123.3342,24.0783
8,Ryukyu,24,1210.0,122.9597,23.8637
8,Ryukyu,25,1240.0,122.7498,23.6748
8,Ryukyu,26,1285.0,122.4349,23.3914
8,Ryukyu,27,1345.0,122.015,23.0135
8,Ryukyu,28,1400.0,121.7427,22.5883
9,Manila,1,65.0,120.2353,20.4706
9,Manila,2,405.0,119.2572,17.5723
9,Manila,3,485.0,119.2144,16.8561
9,Manila,4,590.0,119.3243,15.9191
9,Manila,5,705.0,119.6273,14.9271
9,Manila,6,735.0,119.7224,14.6735
9,Manila,7,770.0,119.8334,14.3776
9,Manila,8,815.0,119.9854,14.0008
9,Manila,9,845.0,120.0921,13.7517
10,Philippine,1,160.0,125.9216,12.1959
10,Philippine,2,235.0,126.1729,11.5678
10,Philippine,3,770.0,127.128,6.8598
10,Philippine,4,950.0,127.3,5.253
10,Philippine,5,980.0,127.3,4.9832
11,New Britain,1,55.0,147.7771,-7.0569
11,New Britain,2,145.0,148.5576,-6.8227
11,New Britain,3,185.0,148.9044,-6.7187
11,New Britain,4,425.0,151.0244,-6.2551
12,San Cristobal,1,25.0,155.1999,-7.7066
12,San Cristobal,2,65.0,155.5197,-7.8772
12,San Cristobal,3,175.0,156.3993,-8.3463
12,San Cristobal,4,345.0,157.7606,-9.0723
12,San Cristobal,5,505.0,159.0725,-9.7005
12,San Cristobal,6,755.0,161.1398,-10.6559
12,San Cristobal,7,865.0,162.0728,-11.0291
12,San Cristobal,8,1005.0,163.2614,-11.5045
13,Vityaz,1,115.0,164.9494,-10.243
13,Vityaz,2,155.0,165.2796,-10.3971
13,Vityaz,3,190.0,165.5687,-10.532
13,Vityaz,4,230.0,165.8995,-10.6864
13,Vityaz,5,260.0,166.1476,-10.8022
13,Vityaz,6,290.0,166.3957,-10.918
13,Vityaz,7,345.0,166.8506,-11.1303
13,Vityaz,8,405.0,167.3476,-11.3622
13,Vityaz,9,530.0,168.3835,-11.8456
14,New Hebrides,1,175.0,166.1075,-13.2579
14,New Hebrides,2,275.0,166.4548,-14.0915
14,New Hebrides,3,320.0,166.6112,-14.4668
14,New Hebrides,4,385.0,166.8371,-15.009
14,New Hebrides,5,415.0,166.9414,-15.2592
14,New Hebrides,6,495.0,167.2558,-15.9117
14,New Hebrides,7,625.0,167.8066,-16.9542
14,New Hebrides,8,660.0,167.967,-17.2291
14,New Hebrides,9,690.0,168.1045,-17.4648
14,New Hebrides,10,720.0,168.2419,-17.7005
14,New Hebrides,11,765.0,168.4777,-18.0369
14,New Hebrides,12,795.0,168.6425,-18.2567
14,New Hebrides,13,845.0,168.9173,-18.6231
14,New Hebrides,14,890.0,169.1646,-18.9528
14,New Hebrides,15,975.0,169.6631,-19.5557
14,New Hebrides,16,1020.0,169.9284,-19.874
14,New Hebrides,17,1060.0,170.1642,-20.157
14,New Hebrides,18,1380.0,172.2966,-22.2305
15,Tonga,1,20.0,186.9429,-14.9712
15,Tonga,2,50.0,186.8573,-15.2281
15,Tonga,3,95.0,186.7289,-15.6134
15,Tonga,4,160.0,186.5433,-16.17
15,Tonga,5,195.0,186.4434,-16.4698
15,Tonga,6,395.0,185.9674,-18.2081
15,Tonga,7,435.0,185.8863,-18.5595
15,Tonga,8,475.0,185.8052,-18.911
15,Tonga,9,505.0,185.7443,-19.1746
15,Tonga,10,540.0,185.6734,-19.4821
15,Tonga,11,570.0,185.6125,-19.7457
15,Tonga,12,605.0,185.5573,-20.0561
15,Tonga,13,700.0,185.4166,-20.9002
15,Tonga,14,750.0,185.3426,-21.3445
15,Tonga,15,805.0,185.2611,-21.8333
15,Tonga,16,840.0,185.2093,-22.1444
15,Tonga,17,870.0,185.1836,-22.413
16,Kermadec,1,35.0,184.7066,-25.8034
16,Kermadec,2,105.0,184.5199,-26.4102
16,Kermadec,3,205.0,184.2418,-27.2746
16,Kermadec,4,615.0,183.0308,-30.8061
16,Kermadec,5,700.0,182.7308,-31.526
16,Kermadec,6,765.0,182.5012,-32.0772
16,Kermadec,7,860.0,182.1594,-32.8811
16,Kermadec,8,1020.0,181.4809,-34.2042
16,Kermadec,9,1145.0,180.8858,-35.2157
16,Kermadec,10,1185.0,180.6245,-35.5062
16,Kermadec,11,1225.0,180.3631,-35.7966
16,Kermadec,12,1265.0,180.1017,-36.087
16,Kermadec,13,1295.0,179.8987,-36.3013
16,Kermadec,14,1325.0,179.6884,-36.5116
16,Kermadec,15,1355.0,179.478,-36.722
17,Hikurangi,1,45.0,179.1921,-37.6956
17,Hikurangi,2,75.0,179.1202,-37.9594
17,Hikurangi,3,110.0,179.0362,-38.2671
17,Hikurangi,4,255.0,178.4365,-39.4816
17,Hikurangi,5,330.0,177.9861,-40.0607
17,Hikurangi,6,385.0,177.6408,-40.4791
17,Hikurangi,7,460.0,177.1435,-41.0386
17,Hikurangi,8,555.0,176.4717,-41.7283
17,Hikurangi,9,670.0,175.6892,-42.5838
18,Puysegur,1,55.0,166.5263,-45.6562
18,Puysegur,2,85.0,166.377,-45.905
18,Puysegur,3,115.0,166.2277,-46.1539
18,Puysegur,4,195.0,165.8286,-46.8191
18,Puysegur,5,225.0,165.6789,-47.0686
18,Puysegur,6,285.0,165.3789,-47.5686
18,Puysegur,7,345.0,165.0787,-48.0689
18,Puysegur,8,395.0,164.828,-48.4866
18,Puysegur,9,505.0,164.2758,-49.407
18,Puysegur,10,555.0,164.0243,-49.8262
19,Middle America,1,140.0,255.176,18.851
19,Middle America,2,315.0,256.485,17.909
19,Middle America,3,655.0,259.2739,16.413
19,Middle America,4,690.0,259.5678,16.2729
19,Middle America,5,1005.0,262.3117,15.2565
19,Middle America,6,1105.0,263.2016,14.9895
19,Middle America,7,1170.0,263.7794,14.8162
19,Middle America,8,1220.0,264.2232,14.683
19,Middle America,9,1270.0,264.667,14.5499
19,Middle America,10,1900.0,270.054,12.4061
19,Middle America,11,2165.0,272.3017,11.4991
19,Middle America,12,2235.0,272.8738,11.2131
19,Middle America,13,2290.0,273.3233,10.9884
19,Middle America,14,2320.0,273.5674,10.8641
19,Middle America,15,2350.0,273.8086,10.7354
19,Middle America,16,2390.0,274.1302,10.5639
19,Middle America,17,2430.0,274.4517,10.3924
19,Middle America,18,2540.0,275.2817,9.8465
19,Middle America,19,2570.0,275.4838,9.6646
19,Middle America,20,2600.0,275.6859,9.4827
19,Middle America,21,2630.0,275.888,9.3008
19,Middle America,22,2665.0,276.0879,9.0594
19,Middle America,23,2715.0,276.327,8.6768
20,Peru-Chile,1,150.0,280.8965,3.293
20,Peru-Chile,2,215.0,280.635,2.7699
20,Peru-Chile,3,375.0,279.8691,1.5536
20,Peru-Chile,4,515.0,279.356,0.4239
20,Peru-Chile,5,575.0,279.2251,-0.0995
20,Peru-Chile,6,695.0,279.0,-1.151
20,Peru-Chile,7,820.0,279.0,-2.2752
20,Peru-Chile,8,850.0,279.0,-2.545
20,Peru-Chile,9,890.0,279.0,-2.9047
20,Peru-Chile,10,920.0,279.0423,-3.1693
20,Peru-Chile,11,960.0,279.1296,-3.5184
20,Peru-Chile,12,990.0,279.195,-3.7801
20,Peru-Chile,13,1020.0,279.2605,-4.0419
20,Peru-Chile,14,1410.0,280.1114,-7.4456
20,Peru-Chile,15,1500.0,280.3078,-8.2313
20,Peru-Chile,16,1605.0,280.5567,-9.1417
20,Peru-Chile,17,1705.0,280.8914,-9.9785
20,Peru-Chile,18,1740.0,281.0085,-10.2714
20,Peru-Chile,19,1775.0,281.1257,-10.5642
20,Peru-Chile,20,1820.0,281.2763,-10.9408
20,Peru-Chile,21,1890.0,281.5331,-11.5179
20,Peru-Chile,22,1920.0,281.6442,-11.7648
20,Peru-Chile,23,1950.0,281.7553,-12.0118
20,Peru-Chile,24,1980.0,281.8664,-12.2587
20,Peru-Chile,25,2010.0,281.9775,-12.5056
20,Peru-Chile,26,2140.0,282.5458,-13.532
20,Peru-Chile,27,2315.0,283.4111,-14.8632
20,Peru-Chile,28,2390.0,283.6915,-15.4786
20,Peru-Chile,29,2440.0,283.8593,-15.8983
20,Peru-Chile,30,2480.0,283.9936,-16.2341
20,Peru-Chile,31,2535.0,284.1783,-16.6958
20,Peru-Chile,32,2600.0,284.4875,-17.1875
20,Peru-Chile,33,3150.0,287.9686,-20.8748
20,Peru-Chile,34,3180.0,288.148,-21.0859
20,Peru-Chile,35,3210.0,288.3275,-21.297
20,Peru-Chile,36,3580.0,288.8989,-24.5112
20,Peru-Chile,37,3885.0,288.5398,-27.2345
20,Peru-Chile,38,4265.0,287.8361,-30.5927
20,Peru-Chile,39,4390.0,287.6488,-31.7048
20,Peru-Chile,40,4535.0,287.3298,-32.9808
20,Peru-Chile,41,4710.0,286.8492,-34.5024
20,Peru-Chile,42,5035.0,285.7824,-37.2941
20,Peru-Chile,43,5150.0,285.4239,-38.2888
20,Peru-Chile,44,5280.0,285.0292,-39.4164
20,Peru-Chile,45,5630.0,284.4965,-42.5352
20,Peru-Chile,46,5790.0,284.4236,-43.9712
20,Peru-Chile,47,5905.0,284.4752,-45.0048
20,Peru-Chile,48,6045.0,284.7242,-46.2474
