trench_id,class,s1_km,s2_km,lon,lat,note
1,fracture_zone,1035,1035,177.377,50.760,extrap45
1,fracture_zone,1730,1730,187.100,51.017,extrap80
1,fracture_zone,3210,3210,207.556,55.954,extrap90
1,fracture_zone,3280,3280,208.544,56.250,extrap75
1,seamount_ridge,475,475,169.638,52.394,h2216
1,seamount_ridge,3430,3430,210.737,56.858,h1693
2,fracture_zone,305,305,147.236,42.631,direct
2,fracture_zone,1710,1710,160.377,51.293,direct
2,fracture_zone,1995,1995,162.640,53.344,extrap175
2,seamount_ridge,30,30,144.902,40.920,h2691
2,seamount_ridge,125,125,145.979,41.311,h2843
3,fracture_zone,555,555,142.752,36.173,direct
3,fracture_zone,600,600,142.513,35.824,direct
3,seamount_ridge,525,525,143.486,36.033,h3188
3,seamount_ridge,600,600,142.679,35.799,h2941
4,seamount_ridge,965,965,142.295,32.757,h1992
5,seamount_ridge,160,160,144.601,11.710,h1485
5,seamount_ridge,300,300,145.852,12.267,h1896
5,seamount_ridge,335,335,145.881,12.621,h1708
5,seamount_ridge,410,410,146.486,12.978,h1925
5,seamount_ridge,485,485,147.098,13.477,h3191
5,seamount_ridge,620,620,147.786,14.573,h2818
5,seamount_ridge,700,700,147.818,15.329,h2646
5,seamount_ridge,930,930,148.174,17.428,h1595
5,seamount_ridge,1050,1050,147.919,18.481,h1680
5,seamount_ridge,1160,1160,147.752,19.520,h2725
5,seamount_ridge,1210,1210,147.581,19.967,h1599
5,seamount_ridge,1270,1270,147.423,20.446,h1109
5,seamount_ridge,1785,1785,144.302,24.021,h2098
6,seamount_ridge,355,355,140.125,10.509,h2057
7,seamount_ridge,95,95,134.196,6.101,h2734
7,seamount_ridge,190,190,133.312,5.785,h1251
7,seamount_ridge,235,235,133.500,5.365,h1017
7,seamount_ridge,290,290,133.553,4.612,h1774
7,seamount_ridge,325,325,133.281,4.547,h1197
7,seamount_ridge,420,420,133.014,3.811,h2349
7,seamount_ridge,460,460,133.220,3.555,h1177
7,seamount_ridge,500,500,133.046,3.143,h1437
7,seamount_ridge,540,540,132.923,2.768,h1384
7,seamount_ridge,605,605,132.992,2.192,h1093
8,fracture_zone,80,80,126.262,23.670,extrap60
8,fracture_zone,130,130,126.662,23.930,extrap110
8,seamount_ridge,40,40,126.070,23.100,h2206
8,seamount_ridge,605,605,130.330,26.715,h1695
9,seamount_ridge,535,535,118.725,17.194,h2966
10,seamount_ridge,40,40,125.367,14.510,h1170
10,seamount_ridge,185,185,125.862,13.280,h1309
10,seamount_ridge,475,475,126.701,10.910,h1128
10,seamount_ridge,1495,1495,129.462,2.322,h1500
12,seamount_ridge,100,100,157.000,-8.747,h2153
12,seamount_ridge,125,125,157.160,-8.861,h1560
12,seamount_ridge,455,455,159.631,-10.499,h2442
12,seamount_ridge,520,520,160.012,-10.975,h1046
12,seamount_ridge,820,820,162.811,-11.625,h1151
12,seamount_ridge,885,885,163.433,-11.471,h1002
13,seamount_ridge,235,235,166.084,-15.943,h2981
13,seamount_ridge,440,440,167.161,-17.462,h1226
13,seamount_ridge,995,995,169.075,-22.301,h1209
14,seamount_ridge,635,635,187.807,-18.609,h3427
14,seamount_ridge,1010,1010,187.755,-14.964,h3957
15,plateau,1370,1585,180.582,-36.245,Hikurangi_Plateau
15,seamount_ridge,245,245,185.006,-25.951,h2609
15,seamount_ridge,740,740,183.671,-30.249,h1737
15,seamount_ridge,920,920,183.182,-31.854,h1662
16,plateau,0,140,179.736,-37.752,Hikurangi_Plateau
17,seamount_ridge,380,380,164.939,-46.119,h1330
17,seamount_ridge,405,405,164.727,-46.357,h1796
17,seamount_ridge,665,665,163.739,-48.597,h1012
17,seamount_ridge,750,750,163.075,-49.174,h1048
19,fracture_zone,740,740,267.560,13.365,direct
19,fracture_zone,1080,1080,264.863,14.898,extrap60
19,fracture_zone,1150,1150,264.302,15.220,extrap55
19,seamount_ridge,55,55,272.783,10.383,h1276
20,fracture_zone,5,5,284.004,-45.614,extrap110
20,fracture_zone,200,200,284.283,-43.877,extrap60
20,fracture_zone,435,435,284.604,-41.783,direct
20,fracture_zone,595,595,284.805,-40.367,direct
20,fracture_zone,630,630,284.843,-40.053,extrap100
20,fracture_zone,875,875,285.369,-37.905,extrap85
20,fracture_zone,1520,1520,287.212,-32.403,extrap80
20,fracture_zone,3265,3265,286.455,-17.648,extrap70
20,fracture_zone,4345,4345,279.910,-10.400,direct
20,fracture_zone,4385,4385,279.729,-10.088,extrap40
20,fracture_zone,4525,4525,279.105,-8.994,extrap155
20,fracture_zone,4935,4935,278.016,-5.497,direct
20,fracture_zone,4980,4980,277.999,-5.093,extrap50
20,fracture_zone,5050,5050,277.994,-4.464,extrap75
20,fracture_zone,5220,5220,278.357,-3.040,extrap40
20,plateau,3535,3795,283.650,-15.274,Nazca_Ridge
20,plateau,5335,5610,278.644,-0.838,Carnegie_Ridge
20,seamount_ridge,2060,2060,287.507,-27.524,h2059
20,seamount_ridge,2855,2855,288.181,-20.549,h1299
20,seamount_ridge,2960,2960,287.955,-19.809,h1665
20,seamount_ridge,5290,5290,278.353,-2.421,h1209
