trench_id,trench,length_km,n_profiles,depth_min_m,depth_max_m,n_segments
1,Aleutian,3655.0,732,-570,-7543,50
2,Kuril-Kamchatka,2180.0,437,-2448,-9610,28
3,Japan,815.0,164,-6525,-9232,14
4,Izu-Bonin,1130.0,227,-3443,-9840,19
5,Mariana,2140.0,429,-3303,-10676,25
6,Yap,410.0,83,-5047,-8629,7
7,Palau,350.0,71,-3512,-8052,7
8,Ryukyu,1445.0,290,-697,-6478,29
9,Manila,875.0,176,-2577,-5188,10
10,Philippine,1110.0,223,-2902,-9987,6
11,New Britain,645.0,130,-1912,-8270,5
12,San Cristobal,1030.0,207,-3627,-8420,9
13,Vityaz,720.0,145,-1612,-5010,10
14,New Hebrides,1405.0,282,-1039,-8912,19
15,Tonga,1110.0,223,-1503,-10752,18
16,Kermadec,1390.0,279,-2406,-10043,16
17,Hikurangi,695.0,140,-1828,-3749,10
18,Puysegur,595.0,120,-2645,-6221,11
19,Middle America,2750.0,551,11,-6634,24
20,Peru-Chile,6070.0,1215,233,-8071,49
