trench_id,trench,bnd_index,s_km,s_rel_km,lon,lat,stability,d_left_m,d_right_m,W_left_km,W_right_km,A_left,A_right,dz_left,dz_right,Wz_left,Wz_right,Az_left,Az_right
1,Aleutian,1,42.5,42.5,164.7441,55.1193,0.833,-5802,-5966,56.1,39.6,0.218,-0.522,0.921,0.729,0.495,-0.455,-0.525,-2.979
1,Aleutian,2,72.5,72.5,165.1121,54.9334,0.815,-5966,-6704,39.6,44.2,-0.522,0.205,0.729,-0.132,-0.455,-0.192,-2.979,-0.569
1,Aleutian,3,102.5,102.5,165.5852,54.8539,0.667,-6704,-6874,44.2,32.5,0.205,0.833,-0.132,-0.331,-0.192,-0.862,-0.569,1.515
1,Aleutian,4,132.5,132.5,165.8697,54.6114,0.833,-6874,-6324,32.5,35.2,0.833,0.421,-0.331,0.311,-0.862,-0.704,1.515,0.148
1,Aleutian,5,182.5,182.5,166.2971,54.205,0.741,-6324,-6591,35.2,40.4,0.421,0.09,0.311,-0.001,-0.704,-0.407,0.148,-0.95
1,Aleutian,6,212.5,212.5,166.7078,54.0605,0.593,-6591,-6761,40.4,36.2,0.09,0.267,-0.001,-0.199,-0.407,-0.647,-0.95,-0.362
1,Aleutian,7,242.5,242.5,167.0628,53.8795,0.593,-6761,-6746,36.2,47.1,0.267,-0.093,-0.199,-0.181,-0.647,-0.024,-0.362,-1.554
1,Aleutian,8,272.5,272.5,167.3965,53.7178,0.463,-6746,-6759,47.1,39.1,-0.093,0.167,-0.181,-0.197,-0.024,-0.485,-1.554,-0.692
1,Aleutian,9,312.5,312.5,167.8868,53.5052,0.537,-6759,-6963,39.1,34.2,0.167,-0.011,-0.197,-0.435,-0.485,-0.766,-0.692,-1.283
1,Aleutian,10,342.5,342.5,168.1828,53.326,0.667,-6963,-6721,34.2,40.0,-0.011,-0.499,-0.435,-0.152,-0.766,-0.431,-1.283,-2.903
1,Aleutian,11,392.5,392.5,168.8188,53.041,0.815,-6721,-6645,40.0,39.8,-0.499,0.604,-0.152,-0.063,-0.431,-0.445,-2.903,0.754
1,Aleutian,12,442.5,442.5,169.5041,52.8442,0.778,-6645,-6805,39.8,22.9,0.604,0.037,-0.063,-0.25,-0.445,-1.413,0.754,-1.124
1,Aleutian,13,472.5,472.5,169.9032,52.719,0.407,-6805,-6984,22.9,30.0,0.037,0.147,-0.25,-0.459,-1.413,-1.006,-1.124,-0.76
1,Aleutian,14,502.5,502.5,170.2621,52.5572,0.63,-6984,-7217,30.0,27.6,0.147,0.354,-0.459,-0.731,-1.006,-1.143,-0.76,-0.074
1,Aleutian,15,612.5,612.5,171.652,52.052,0.481,-7217,-7262,27.6,30.0,0.354,0.22,-0.731,-0.783,-1.143,-1.006,-0.074,-0.519
1,Aleutian,16,662.5,662.5,172.3022,51.8363,0.611,-7262,-7268,30.0,37.9,0.22,0.559,-0.783,-0.79,-1.006,-0.551,-0.519,0.605
1,Aleutian,17,692.5,692.5,172.6934,51.7166,0.296,-7268,-7268,37.9,33.0,0.559,0.421,-0.79,-0.79,-0.551,-0.835,0.605,0.149
1,Aleutian,18,797.5,797.5,174.0834,51.314,0.444,-7268,-7275,33.0,25.0,0.421,0.256,-0.79,-0.799,-0.835,-1.293,0.149,-0.398
1,Aleutian,19,827.5,827.5,174.4926,51.2243,0.222,-7275,-7264,25.0,26.5,0.256,0.411,-0.799,-0.786,-1.293,-1.209,-0.398,0.114
1,Aleutian,20,912.5,912.5,175.6652,50.997,0.963,-7264,-7287,26.5,35.0,0.411,0.047,-0.786,-0.813,-1.209,-0.718,0.114,-1.092
1,Aleutian,21,952.5,952.5,176.2146,50.8956,0.685,-7287,-7295,35.0,36.1,0.047,0.421,-0.813,-0.822,-0.718,-0.655,-1.092,0.15
1,Aleutian,22,1087.5,1087.5,178.0702,50.5237,0.574,-7295,-7307,36.1,40.7,0.421,0.305,-0.822,-0.836,-0.655,-0.39,0.15,-0.237
1,Aleutian,23,1122.5,1122.5,178.5612,50.4764,0.704,-7307,-7288,40.7,43.2,0.305,0.66,-0.836,-0.814,-0.39,-0.244,-0.237,0.942
1,Aleutian,24,1172.5,1172.5,179.2615,50.4098,0.63,-7288,-7313,43.2,42.9,0.66,0.358,-0.814,-0.843,-0.244,-0.267,0.942,-0.061
1,Aleutian,25,1207.5,1207.5,179.7751,50.3474,0.481,-7313,-7312,42.9,42.0,0.358,0.529,-0.843,-0.842,-0.267,-0.318,-0.061,0.509
1,Aleutian,26,1277.5,1277.5,180.7701,50.3393,0.333,-7312,-7319,42.0,39.5,0.529,0.4,-0.842,-0.85,-0.318,-0.457,0.509,0.08
1,Aleutian,27,1332.5,1332.5,181.5474,50.3327,0.519,-7319,-7320,39.5,43.2,0.4,0.23,-0.85,-0.852,-0.457,-0.246,0.08,-0.485
1,Aleutian,28,1367.5,1367.5,182.0422,50.3285,0.833,-7320,-7315,43.2,37.8,0.23,0.034,-0.852,-0.845,-0.246,-0.557,-0.485,-1.134
1,Aleutian,29,1407.5,1407.5,182.6175,50.3334,0.519,-7315,-7303,37.8,41.6,0.034,-0.177,-0.845,-0.831,-0.557,-0.34,-1.134,-1.833
1,Aleutian,30,1462.5,1462.5,183.4228,50.391,0.407,-7303,-7300,41.6,38.8,-0.177,0.062,-0.831,-0.828,-0.34,-0.503,-1.833,-1.041
1,Aleutian,31,1492.5,1492.5,183.8718,50.4447,0.796,-7300,-7310,38.8,45.3,0.062,0.261,-0.828,-0.84,-0.503,-0.126,-1.041,-0.383
1,Aleutian,32,1532.5,1532.5,184.414,50.5617,0.444,-7310,-7305,45.3,41.9,0.261,0.457,-0.84,-0.834,-0.126,-0.323,-0.383,0.269
1,Aleutian,33,1572.5,1572.5,184.9368,50.6028,0.556,-7305,-7289,41.9,50.8,0.457,0.214,-0.834,-0.816,-0.323,0.187,0.269,-0.537
1,Aleutian,34,1622.5,1622.5,185.622,50.7028,0.444,-7289,-7310,50.8,42.8,0.214,0.444,-0.816,-0.84,0.187,-0.269,-0.537,0.226
1,Aleutian,35,1662.5,1662.5,186.1828,50.7632,0.407,-7310,-7302,42.8,44.3,0.444,0.278,-0.84,-0.831,-0.269,-0.184,0.226,-0.325
1,Aleutian,36,1752.5,1752.5,187.4643,50.9024,0.833,-7302,-7297,44.3,45.0,0.278,0.64,-0.831,-0.825,-0.184,-0.144,-0.325,0.877
1,Aleutian,37,1782.5,1782.5,187.8842,50.953,0.611,-7297,-7282,45.0,50.0,0.64,0.144,-0.825,-0.807,-0.144,0.144,0.877,-0.77
1,Aleutian,38,1832.5,1832.5,188.6183,51.0296,0.63,-7282,-7263,50.0,53.2,0.144,0.545,-0.807,-0.785,0.144,0.33,-0.77,0.56
1,Aleutian,39,1882.5,1882.5,189.3073,51.1558,0.63,-7263,-7253,53.2,42.5,0.545,0.796,-0.785,-0.774,0.33,-0.287,0.56,1.392
1,Aleutian,40,1912.5,1912.5,189.7226,51.2309,0.833,-7253,-7239,42.5,48.3,0.796,0.526,-0.774,-0.757,-0.287,0.044,1.392,0.496
1,Aleutian,41,1977.5,1977.5,190.6294,51.4406,0.833,-7239,-7215,48.3,43.2,0.526,0.078,-0.757,-0.728,0.044,-0.244,0.496,-0.988
1,Aleutian,42,2027.5,2027.5,191.3184,51.597,0.63,-7215,-7200,43.2,41.8,0.078,0.436,-0.728,-0.712,-0.244,-0.327,-0.988,0.199
1,Aleutian,43,2082.5,2082.5,192.0519,51.7916,0.5,-7200,-7164,41.8,34.5,0.436,0.331,-0.712,-0.67,-0.327,-0.747,0.199,-0.15
1,Aleutian,44,2157.5,2157.5,193.0564,52.0387,0.481,-7164,-7127,34.5,40.6,0.331,0.283,-0.67,-0.626,-0.747,-0.397,-0.15,-0.307
1,Aleutian,45,2242.5,2242.5,194.2254,52.3453,0.63,-7127,-7079,40.6,40.0,0.283,0.143,-0.626,-0.57,-0.397,-0.431,-0.307,-0.771
1,Aleutian,46,2337.5,2337.5,195.5169,52.6678,0.944,-7079,-7006,40.0,35.7,0.143,0.306,-0.57,-0.485,-0.431,-0.68,-0.771,-0.233
1,Aleutian,47,2412.5,2412.5,196.5804,52.8988,0.481,-7006,-6894,35.7,40.8,0.306,0.224,-0.485,-0.354,-0.68,-0.385,-0.233,-0.505
1,Aleutian,48,2582.5,2582.5,198.9377,53.4324,0.833,-6894,-6566,40.8,34.2,0.224,0.369,-0.354,0.029,-0.385,-0.766,-0.505,-0.023
1,Aleutian,49,2762.5,2762.5,201.5715,53.8916,0.981,-6566,-6159,34.2,43.1,0.369,0.491,0.029,0.504,-0.766,-0.255,-0.023,0.381
1,Aleutian,50,2807.5,2807.5,202.2423,54.0214,0.741,-6159,-5946,43.1,52.8,0.491,0.317,0.504,0.754,-0.255,0.303,0.381,-0.197
1,Aleutian,51,2852.5,2852.5,202.9067,54.1416,0.704,-5946,-5807,52.8,69.4,0.317,0.329,0.754,0.916,0.303,1.261,-0.197,-0.157
1,Aleutian,52,2942.5,2942.5,204.231,54.4322,0.667,-5807,-5597,69.4,78.4,0.329,0.405,0.916,1.161,1.261,1.774,-0.157,0.097
1,Aleutian,53,3042.5,3042.5,205.5586,54.953,0.556,-5597,-5515,78.4,52.2,0.405,0.301,1.161,1.257,1.774,0.273,0.097,-0.247
1,Aleutian,54,3092.5,3092.5,206.1699,55.2276,0.741,-5515,-5479,52.2,55.0,0.301,0.645,1.257,1.298,0.273,0.431,-0.247,0.893
1,Aleutian,55,3122.5,3122.5,206.5677,55.3758,0.593,-5479,-5418,55.0,66.0,0.645,0.774,1.298,1.37,0.431,1.063,0.893,1.318
1,Aleutian,56,3172.5,3172.5,207.2277,55.6502,1.0,-5418,-5364,66.0,78.0,0.774,0.937,1.37,1.433,1.063,1.753,1.318,1.859
1,Aleutian,57,3347.5,3347.5,209.5446,56.4987,0.574,-5364,-5224,78.0,77.5,0.937,0.783,1.433,1.596,1.753,1.724,1.859,1.349
1,Aleutian,58,3392.5,3392.5,210.194,56.6927,0.944,-5224,-5144,77.5,76.7,0.783,0.437,1.596,1.689,1.724,1.676,1.349,0.202
1,Aleutian,59,3422.5,3422.5,210.5531,56.8856,1.0,-5144,-5047,76.7,43.3,0.437,0.775,1.689,1.803,1.676,-0.239,0.202,1.322
1,Aleutian,60,3452.5,3452.5,210.9604,57.033,1.0,-5047,-5054,43.3,73.8,0.775,0.783,1.803,1.795,-0.239,1.509,1.322,1.35
1,Aleutian,61,3492.5,3492.5,211.5021,57.2414,0.611,-5054,-4918,73.8,75.7,0.783,0.918,1.795,1.954,1.509,1.618,1.35,1.796
1,Aleutian,62,3607.5,3607.5,212.9247,57.9573,0.444,-4918,-4891,75.7,79.6,0.918,0.771,1.954,1.985,1.618,1.844,1.796,1.309
1,Aleutian,63,3637.5,3637.5,213.3586,58.1268,1.0,-4891,-4815,79.6,86.9,0.771,-0.128,1.985,2.074,1.844,2.263,1.309,-1.672
1,Aleutian,64,3677.5,3677.5,213.7383,58.448,0.611,-4815,-4705,86.9,85.0,-0.128,0.156,2.074,2.202,2.263,2.155,-1.672,-0.731
1,Aleutian,65,3722.5,3722.5,214.121,58.7998,0.722,-4705,-4436,85.0,76.5,0.156,0.613,2.202,2.516,2.155,1.667,-0.731,0.785
2,Kuril-Kamchatka,1,52.5,52.5,144.9378,41.15,0.778,-6986,-7128,35.7,54.2,-0.04,0.335,1.059,0.901,0.391,2.356,-0.398,1.484
2,Kuril-Kamchatka,2,112.5,112.5,145.5424,41.4583,0.667,-7128,-7182,54.2,40.1,0.335,0.144,0.901,0.841,2.356,0.859,1.484,0.526
2,Kuril-Kamchatka,3,257.5,257.5,146.9949,42.1344,0.833,-7182,-7243,40.1,37.9,0.144,-0.422,0.841,0.774,0.859,0.629,0.526,-2.319
2,Kuril-Kamchatka,4,287.5,287.5,147.2948,42.2819,0.648,-7243,-7426,37.9,35.4,-0.422,0.189,0.774,0.57,0.629,0.357,-2.319,0.751
2,Kuril-Kamchatka,5,322.5,322.5,147.6237,42.5,0.704,-7426,-7835,35.4,40.9,0.189,0.047,0.57,0.117,0.357,0.95,0.751,0.035
2,Kuril-Kamchatka,6,362.5,362.5,147.9716,42.7654,0.833,-7835,-8522,40.9,27.5,0.047,0.215,0.117,-0.645,0.95,-0.478,0.035,0.881
2,Kuril-Kamchatka,7,392.5,392.5,148.272,42.923,0.352,-8522,-8850,27.5,29.5,0.215,0.09,-0.645,-1.009,-0.478,-0.262,0.881,0.251
2,Kuril-Kamchatka,8,472.5,472.5,149.0203,43.4002,0.833,-8850,-9373,29.5,22.5,0.09,0.086,-1.009,-1.589,-0.262,-1.01,0.251,0.233
2,Kuril-Kamchatka,9,652.5,652.5,150.8909,44.2909,0.833,-9373,-9035,22.5,29.1,0.086,0.142,-1.589,-1.215,-1.01,-0.306,0.233,0.516
2,Kuril-Kamchatka,10,737.5,737.5,151.8018,44.716,0.722,-9035,-9281,29.1,32.2,0.142,0.301,-1.215,-1.488,-0.306,0.024,0.516,1.314
2,Kuril-Kamchatka,11,782.5,782.5,152.2536,44.9653,0.759,-9281,-9477,32.2,18.2,0.301,-0.111,-1.488,-1.705,0.024,-1.461,1.314,-0.757
2,Kuril-Kamchatka,12,832.5,832.5,152.7944,45.2172,0.315,-9477,-9207,18.2,25.4,-0.111,0.031,-1.705,-1.405,-1.461,-0.7,-0.757,-0.042
2,Kuril-Kamchatka,13,862.5,862.5,153.0701,45.4058,1.0,-9207,-8692,25.4,32.8,0.031,-0.1,-1.405,-0.834,-0.7,0.086,-0.042,-0.701
2,Kuril-Kamchatka,14,902.5,902.5,153.4292,45.6673,0.37,-8692,-8665,32.8,34.6,-0.1,-0.282,-0.834,-0.803,0.086,0.281,-0.701,-1.614
2,Kuril-Kamchatka,15,937.5,937.5,153.7842,45.8981,0.759,-8665,-8306,34.6,25.4,-0.282,-0.09,-0.803,-0.406,0.281,-0.7,-1.614,-0.649
2,Kuril-Kamchatka,16,1027.5,1027.5,154.579,46.504,0.741,-8306,-7822,25.4,36.9,-0.09,-0.279,-0.406,0.132,-0.7,0.526,-0.649,-1.603
2,Kuril-Kamchatka,17,1072.5,1072.5,154.956,46.8147,0.685,-7822,-7985,36.9,27.4,-0.279,-0.155,0.132,-0.05,0.526,-0.488,-1.603,-0.977
2,Kuril-Kamchatka,18,1207.5,1207.5,156.0109,47.7914,0.815,-7985,-8299,27.4,26.7,-0.155,0.003,-0.05,-0.398,-0.488,-0.567,-0.977,-0.182
2,Kuril-Kamchatka,19,1282.5,1282.5,156.6514,48.3125,0.5,-8299,-8376,26.7,27.8,0.003,0.18,-0.398,-0.484,-0.567,-0.445,-0.182,0.706
2,Kuril-Kamchatka,20,1322.5,1322.5,157.0102,48.5836,0.648,-8376,-8467,27.8,24.4,0.18,-0.084,-0.484,-0.584,-0.445,-0.81,0.706,-0.623
2,Kuril-Kamchatka,21,1362.5,1362.5,157.413,48.8356,0.944,-8467,-7823,24.4,31.0,-0.084,0.013,-0.584,0.13,-0.81,-0.104,-0.623,-0.134
2,Kuril-Kamchatka,22,1497.5,1497.5,158.6934,49.6872,0.667,-7823,-7693,31.0,29.5,0.013,0.117,0.13,0.275,-0.104,-0.266,-0.134,0.389
2,Kuril-Kamchatka,23,1917.5,1917.5,162.1518,52.6653,0.944,-7693,-7663,29.5,36.2,0.117,-0.19,0.275,0.307,-0.266,0.452,0.389,-1.155
2,Kuril-Kamchatka,24,1987.5,1987.5,162.713,53.259,0.796,-7663,-7336,36.2,47.9,-0.19,-0.605,0.307,0.671,0.452,1.692,-1.155,-3.241
2,Kuril-Kamchatka,25,2017.5,2017.5,162.8868,53.509,0.778,-7336,-6700,47.9,35.0,-0.605,-0.019,0.671,1.377,1.692,0.319,-3.241,-0.294
2,Kuril-Kamchatka,26,2067.5,2067.5,163.1221,53.931,0.815,-6700,-6169,35.0,21.8,-0.019,0.099,1.377,1.965,0.319,-1.086,-0.294,0.299
2,Kuril-Kamchatka,27,2102.5,2102.5,163.3578,54.215,0.796,-6169,-5983,21.8,50.0,0.099,0.081,1.965,2.172,-1.086,1.913,0.299,0.208
2,Kuril-Kamchatka,28,2132.5,2132.5,163.6524,54.4192,0.648,-5983,-6004,50.0,55.3,0.081,0.425,2.172,2.149,1.913,2.474,0.208,1.936
2,Kuril-Kamchatka,29,2177.5,2177.5,163.9434,54.7878,0.667,-6004,-5958,55.3,44.7,0.425,0.246,2.149,2.2,2.474,1.352,1.936,1.038
3,Japan,1,32.5,32.5,144.5331,40.5512,0.778,-7408,-7546,38.9,40.4,-0.328,0.318,0.597,0.328,0.19,0.337,-2.483,0.087
3,Japan,2,62.5,62.5,144.3973,40.2913,0.778,-7546,-7446,40.4,34.8,0.318,0.473,0.328,0.523,0.337,-0.222,0.087,0.707
3,Japan,3,222.5,222.5,144.1532,38.8735,1.0,-7446,-7552,34.8,35.8,0.473,0.228,0.523,0.316,-0.222,-0.119,0.707,-0.269
3,Japan,4,422.5,422.5,143.588,37.1361,0.519,-7552,-7657,35.8,46.4,0.228,0.147,0.316,0.114,-0.119,0.93,-0.269,-0.591
3,Japan,5,502.5,502.5,143.0992,36.5354,0.685,-7657,-7882,46.4,36.2,0.147,0.28,0.114,-0.324,0.93,-0.076,-0.591,-0.06
3,Japan,6,532.5,532.5,142.9298,36.3153,0.778,-7882,-7823,36.2,23.9,0.28,0.001,-0.324,-0.209,-0.076,-1.302,-0.06,-1.173
3,Japan,7,587.5,587.5,142.7334,35.8721,0.944,-7823,-6822,23.9,59.7,0.001,0.704,-0.209,1.734,-1.302,2.245,-1.173,1.627
3,Japan,8,627.5,627.5,142.3761,35.6086,0.556,-6822,-7474,59.7,47.9,0.704,0.64,1.734,0.469,2.245,1.08,1.627,1.373
3,Japan,9,657.5,657.5,142.2386,35.3615,1.0,-7474,-8251,47.9,31.0,0.64,0.467,0.469,-1.041,1.08,-0.591,1.373,0.684
3,Japan,10,717.5,717.5,142.1084,34.8684,0.796,-8251,-8858,31.0,26.7,0.467,0.132,-1.041,-2.218,-0.591,-1.024,0.684,-0.65
3,Japan,11,762.5,762.5,141.9735,34.4734,0.963,-8858,-9204,26.7,37.5,0.132,0.467,-2.218,-2.89,-1.024,0.048,-0.65,0.684
4,Izu-Bonin,1,27.5,27.5,143.4187,24.6292,0.593,-8313,-7604,19.2,16.7,0.171,-0.003,0.134,0.583,-0.824,-1.128,-0.353,-1.235
4,Izu-Bonin,2,72.5,72.5,143.2676,24.9638,0.685,-7604,-6196,16.7,32.5,-0.003,0.175,0.583,1.472,-1.128,0.798,-1.235,-0.33
4,Izu-Bonin,3,102.5,102.5,143.263,25.191,0.796,-6196,-5644,32.5,15.2,0.175,-0.135,1.472,1.82,0.798,-1.301,-0.33,-1.905
4,Izu-Bonin,4,152.5,152.5,143.204,25.6228,0.685,-5644,-5369,15.2,17.1,-0.135,0.143,1.82,1.994,-1.301,-1.07,-1.905,-0.493
4,Izu-Bonin,5,187.5,187.5,143.2086,25.9334,0.537,-5369,-4066,17.1,24.2,0.143,0.199,1.994,2.817,-1.07,-0.216,-0.493,-0.21
4,Izu-Bonin,6,217.5,217.5,143.2787,26.1962,0.667,-4066,-4860,24.2,38.4,0.199,0.472,2.817,2.316,-0.216,1.52,-0.21,1.176
4,Izu-Bonin,7,257.5,257.5,143.3105,26.5626,0.833,-4860,-7993,38.4,22.5,0.472,0.242,2.316,0.337,1.52,-0.419,1.176,0.008
4,Izu-Bonin,8,312.5,312.5,143.3029,27.0613,0.722,-7993,-9057,22.5,21.2,0.242,0.026,0.337,-0.335,-0.419,-0.571,0.008,-1.087
4,Izu-Bonin,9,352.5,352.5,143.3198,27.4233,0.833,-9057,-9066,21.2,26.6,0.026,0.37,-0.335,-0.341,-0.571,0.077,-1.087,0.658
4,Izu-Bonin,10,487.5,487.5,143.0367,28.6356,0.833,-9066,-9733,26.6,22.6,0.37,0.26,-0.341,-0.763,0.077,-0.405,0.658,0.101
4,Izu-Bonin,11,597.5,597.5,142.6674,29.555,0.611,-9733,-9475,22.6,25.2,0.26,0.427,-0.763,-0.599,-0.405,-0.089,0.101,0.949
4,Izu-Bonin,12,717.5,717.5,142.3351,30.5813,0.833,-9475,-9506,25.2,26.3,0.427,0.213,-0.599,-0.619,-0.089,0.046,0.949,-0.137
4,Izu-Bonin,13,812.5,812.5,142.19,31.4104,0.833,-9506,-9477,26.3,25.0,0.213,0.433,-0.619,-0.601,0.046,-0.114,-0.137,0.98
4,Izu-Bonin,14,887.5,887.5,142.1075,32.0829,0.741,-9477,-9452,25.0,31.2,0.433,0.289,-0.601,-0.585,-0.114,0.646,0.98,0.246
4,Izu-Bonin,15,947.5,947.5,142.0354,32.6142,1.0,-9452,-9059,31.2,16.1,0.289,-0.097,-0.585,-0.337,0.646,-1.201,0.246,-1.712
4,Izu-Bonin,16,982.5,982.5,142.0839,32.9268,1.0,-9059,-9252,16.1,34.6,-0.097,0.06,-0.337,-0.459,-1.201,1.059,-1.712,-0.916
4,Izu-Bonin,17,1052.5,1052.5,141.9896,33.5648,0.833,-9252,-9235,34.6,40.4,0.06,0.532,-0.459,-0.448,1.059,1.754,-0.916,1.485
4,Izu-Bonin,18,1087.5,1087.5,141.9196,33.8534,0.833,-9235,-9201,40.4,38.8,0.532,0.111,-0.448,-0.426,1.754,1.558,1.485,-0.657
5,Mariana,1,142.5,142.5,144.2812,11.9274,0.722,-9566,-10414,20.3,17.5,0.114,-0.084,-1.12,-1.81,-0.572,-0.745,-0.198,-0.849
5,Mariana,2,202.5,202.5,144.8161,12.0884,0.63,-10414,-9500,17.5,24.2,-0.084,0.158,-1.81,-1.067,-0.745,-0.34,-0.849,-0.053
5,Mariana,3,292.5,292.5,145.515,12.4913,0.463,-9500,-9373,24.2,16.4,0.158,-0.069,-1.067,-0.963,-0.34,-0.814,-0.053,-0.801
5,Mariana,4,347.5,347.5,145.9137,12.7957,0.611,-9373,-9994,16.4,25.3,-0.069,0.015,-0.963,-1.469,-0.814,-0.273,-0.801,-0.525
5,Mariana,5,392.5,392.5,146.2359,13.0528,0.926,-9994,-9423,25.3,32.1,0.015,-0.545,-1.469,-1.004,-0.273,0.143,-0.525,-2.367
5,Mariana,6,427.5,427.5,146.4742,13.27,0.611,-9423,-9513,32.1,22.9,-0.545,0.098,-1.004,-1.077,0.143,-0.42,-2.367,-0.25
5,Mariana,7,462.5,462.5,146.7334,13.4253,0.889,-9513,-9370,22.9,21.4,0.098,-0.386,-1.077,-0.96,-0.42,-0.51,-0.25,-1.846
5,Mariana,8,517.5,517.5,146.9824,13.8502,0.611,-9370,-9208,21.4,21.5,-0.386,-0.004,-0.96,-0.828,-0.51,-0.505,-1.846,-0.587
5,Mariana,9,637.5,637.5,147.4618,14.8244,0.685,-9208,-8488,21.5,18.1,-0.004,0.137,-0.828,-0.242,-0.505,-0.707,-0.587,-0.122
5,Mariana,10,677.5,677.5,147.5648,15.1711,0.815,-8488,-7857,18.1,22.3,0.137,-0.135,-0.242,0.271,-0.707,-0.455,-0.122,-1.019
5,Mariana,11,732.5,732.5,147.6932,15.6514,0.889,-7857,-7252,22.3,20.7,-0.135,0.445,0.271,0.763,-0.455,-0.55,-1.019,0.89
5,Mariana,12,767.5,767.5,147.7791,15.96,0.741,-7252,-5918,20.7,55.0,0.445,0.75,0.763,1.85,-0.55,1.53,0.89,1.896
5,Mariana,13,817.5,817.5,147.7973,16.4106,0.889,-5918,-8200,55.0,26.8,0.75,0.214,1.85,-0.008,1.53,-0.18,1.896,0.131
5,Mariana,14,872.5,872.5,147.8218,16.9056,0.889,-8200,-8524,26.8,28.5,0.214,0.416,-0.008,-0.272,-0.18,-0.078,0.131,0.797
5,Mariana,15,972.5,972.5,147.767,17.7996,0.889,-8524,-7801,28.5,32.3,0.416,0.5,-0.272,0.317,-0.078,0.151,0.797,1.073
5,Mariana,16,1027.5,1027.5,147.7672,18.2976,0.722,-7801,-6478,32.3,16.4,0.5,0.103,0.317,1.394,0.151,-0.81,1.073,-0.236
5,Mariana,17,1062.5,1062.5,147.6776,18.5986,0.833,-6478,-6713,16.4,68.3,0.103,0.674,1.394,1.202,-0.81,2.338,-0.236,1.646
5,Mariana,18,1107.5,1107.5,147.6421,18.9796,0.833,-6713,-6729,68.3,19.8,0.674,-0.082,1.202,1.189,2.338,-0.604,1.646,-0.844
5,Mariana,19,1177.5,1177.5,147.4776,19.5932,0.778,-6729,-7239,19.8,19.7,-0.082,0.178,1.189,0.774,-0.604,-0.612,-0.844,0.011
5,Mariana,20,1217.5,1217.5,147.351,19.9282,0.778,-7239,-6963,19.7,27.9,0.178,0.476,0.774,0.999,-0.612,-0.113,0.011,0.994
5,Mariana,21,1247.5,1247.5,147.2385,20.1765,0.833,-6963,-5956,27.9,30.4,0.476,0.243,0.999,1.819,-0.113,0.039,0.994,0.225
5,Mariana,22,1277.5,1277.5,147.1683,20.4406,0.667,-5956,-6350,30.4,59.8,0.243,0.433,1.819,1.498,0.039,1.82,0.225,0.854
5,Mariana,23,1337.5,1337.5,146.898,20.9237,0.889,-6350,-7160,59.8,34.3,0.433,0.366,1.498,0.839,1.82,0.275,0.854,0.633
5,Mariana,24,1392.5,1392.5,146.7401,21.3865,0.648,-7160,-7085,34.3,60.6,0.366,0.524,0.839,0.9,0.275,1.871,0.633,1.152
5,Mariana,25,1432.5,1432.5,146.5416,21.6928,0.519,-7085,-7676,60.6,49.7,0.524,0.436,0.9,0.419,1.871,1.207,1.152,0.862
5,Mariana,26,1472.5,1472.5,146.1755,21.8621,0.833,-7676,-7960,49.7,13.0,0.436,0.288,0.419,0.187,1.207,-1.02,0.862,0.374
5,Mariana,27,1527.5,1527.5,145.8435,22.222,0.815,-7960,-8015,13.0,45.8,0.288,0.096,0.187,0.142,-1.02,0.974,0.374,-0.257
5,Mariana,28,1557.5,1557.5,145.6914,22.4888,0.519,-8015,-7910,45.8,32.9,0.096,0.275,0.142,0.228,0.974,0.19,-0.257,0.333
5,Mariana,29,1677.5,1677.5,144.7494,23.1309,1.0,-7910,-6631,32.9,72.5,0.275,0.369,0.228,1.27,0.19,2.591,0.333,0.64
5,Mariana,30,1732.5,1732.5,144.3994,23.5098,0.778,-6631,-7379,72.5,21.2,0.369,-0.198,1.27,0.661,2.591,-0.517,0.64,-1.226
5,Mariana,31,1762.5,1762.5,144.2031,23.7156,0.833,-7379,-8400,21.2,22.2,-0.198,-0.067,0.661,-0.171,-0.517,-0.462,-1.226,-0.794
5,Mariana,32,1837.5,1837.5,143.6895,24.181,0.556,-8400,-8687,22.2,16.2,-0.067,0.203,-0.171,-0.405,-0.462,-0.821,-0.794,0.096
6,Yap,1,27.5,27.5,138.5101,9.5873,0.759,-7839,-7870,14.2,17.1,0.358,0.013,0.242,0.221,-0.595,-0.236,1.69,-0.111
6,Yap,2,62.5,62.5,138.5999,9.8919,0.389,-7870,-7537,17.1,18.2,0.013,-0.198,0.221,0.445,-0.236,-0.11,-0.111,-1.214
6,Yap,3,117.5,117.5,138.6706,10.3875,0.796,-7537,-8709,18.2,12.5,-0.198,0.063,0.445,-0.344,-0.11,-0.797,-1.214,0.148
6,Yap,4,147.5,147.5,138.7226,10.6522,0.815,-8709,-7417,12.5,18.6,0.063,-0.244,-0.344,0.526,-0.797,-0.055,0.148,-1.455
6,Yap,5,202.5,202.5,138.8756,11.0556,1.0,-7417,-7722,18.6,40.4,-0.244,0.265,0.526,0.32,-0.055,2.577,-1.455,1.203
6,Yap,6,232.5,232.5,139.1248,11.1135,0.796,-7722,-7730,40.4,18.9,0.265,0.182,0.32,0.315,2.577,-0.028,1.203,0.769
6,Yap,7,287.5,287.5,139.5842,10.8178,1.0,-7730,-6795,18.9,15.8,0.182,-0.241,0.315,0.944,-0.028,-0.394,0.769,-1.436
6,Yap,8,332.5,332.5,139.9916,10.9154,0.833,-6795,-5890,15.8,18.8,-0.241,0.104,0.944,1.553,-0.394,-0.042,-1.436,0.361
6,Yap,9,402.5,402.5,140.6202,10.8324,0.574,-5890,-6492,18.8,24.6,0.104,0.037,1.553,1.148,-0.042,0.671,0.361,0.016
6,Yap,10,437.5,437.5,140.9434,10.8873,0.722,-6492,-8122,24.6,21.2,0.037,-0.077,1.148,0.051,0.671,0.261,0.016,-0.583
6,Yap,11,467.5,467.5,141.1995,10.995,0.944,-8122,-9683,21.2,15.2,-0.077,0.019,0.051,-0.999,0.261,-0.475,-0.583,-0.081
6,Yap,12,542.5,542.5,141.8214,11.251,0.704,-9683,-10354,15.2,22.9,0.019,0.121,-0.999,-1.451,-0.475,0.462,-0.081,0.454
6,Yap,13,602.5,602.5,142.378,11.3439,0.611,-10354,-10661,22.9,15.3,0.121,0.073,-1.451,-1.657,0.462,-0.457,0.454,0.201
6,Yap,14,642.5,642.5,142.7445,11.3727,0.648,-10661,-9836,15.3,18.9,0.073,0.223,-1.657,-1.102,-0.457,-0.025,0.201,0.983
7,Palau,1,42.5,42.5,134.3938,6.6144,0.833,-7001,-6466,21.1,29.2,0.091,0.406,-2.371,-1.66,-0.588,-0.256,0.018,0.875
7,Palau,2,72.5,72.5,134.1605,6.4392,0.37,-6466,-6150,29.2,25.6,0.406,0.737,-1.66,-1.241,-0.256,-0.405,0.875,1.775
7,Palau,3,117.5,117.5,133.8281,6.1907,1.0,-6150,-5534,25.6,23.2,0.737,0.086,-1.241,-0.423,-0.405,-0.502,1.775,0.002
7,Palau,4,152.5,152.5,133.6291,5.9481,0.463,-5534,-4841,23.2,35.0,0.086,0.086,-0.423,0.497,-0.502,-0.015,0.002,0.004
7,Palau,5,182.5,182.5,133.491,5.79,0.519,-4841,-5959,35.0,21.1,0.086,0.253,0.497,-0.987,-0.015,-0.59,0.004,0.459
7,Palau,6,217.5,217.5,133.3989,5.5345,0.63,-5959,-5101,21.1,31.2,0.253,-0.117,-0.987,0.152,-0.59,-0.17,0.459,-0.551
7,Palau,7,247.5,247.5,133.309,5.278,0.574,-5101,-5247,31.2,30.0,-0.117,0.681,0.152,-0.041,-0.17,-0.221,-0.551,1.624
7,Palau,8,277.5,277.5,133.292,4.9848,0.907,-5247,-5253,30.0,24.2,0.681,-0.065,-0.041,-0.05,-0.221,-0.46,1.624,-0.409
7,Palau,9,532.5,532.5,132.8206,2.8315,0.981,-5253,-4786,24.2,45.8,-0.065,-0.393,-0.05,0.57,-0.46,0.432,-0.409,-1.303
7,Palau,10,562.5,562.5,132.7965,2.564,0.5,-4786,-5117,45.8,25.3,-0.393,-0.166,0.57,0.131,0.432,-0.416,-1.303,-0.683
7,Palau,11,607.5,607.5,132.7939,2.1591,0.741,-5117,-4525,25.3,51.2,-0.166,0.353,0.131,0.916,-0.416,0.656,-0.683,0.73
7,Palau,12,637.5,637.5,132.8112,1.8878,0.667,-4525,-4820,51.2,24.3,0.353,-0.064,0.916,0.525,0.656,-0.457,0.73,-0.405
7,Palau,13,672.5,672.5,132.7078,1.5781,0.944,-4820,-4557,24.3,53.8,-0.064,0.671,0.525,0.874,-0.457,0.759,-0.405,1.596
7,Palau,14,702.5,702.5,132.701,1.3083,0.722,-4557,-4277,53.8,52.1,0.671,-0.221,0.874,1.246,0.759,0.693,1.596,-0.834
7,Palau,15,737.5,737.5,132.6871,0.9962,0.593,-4277,-4190,52.1,70.0,-0.221,0.322,1.246,1.362,0.693,1.43,-0.834,0.647
7,Palau,16,782.5,782.5,132.7142,0.581,0.611,-4190,-4275,70.0,95.0,0.322,-0.215,1.362,1.249,1.43,2.462,0.647,-0.815
8,Ryukyu,1,147.5,147.5,126.8052,24.0182,0.5,-6819,-7242,49.4,36.7,0.71,0.344,-0.61,-1.028,-0.021,-0.612,1.129,0.249
8,Ryukyu,2,237.5,237.5,127.463,24.5624,0.352,-7242,-7326,36.7,44.6,0.344,0.777,-1.028,-1.111,-0.612,-0.245,0.249,1.293
8,Ryukyu,3,267.5,267.5,127.7513,24.6828,0.852,-7326,-7310,44.6,43.8,0.777,-0.34,-1.111,-1.095,-0.245,-0.283,1.293,-1.399
8,Ryukyu,4,297.5,297.5,128.004,24.8342,0.741,-7310,-7341,43.8,28.0,-0.34,0.028,-1.095,-1.125,-0.283,-1.011,-1.399,-0.513
8,Ryukyu,5,457.5,457.5,129.1373,25.8412,1.0,-7341,-6527,28.0,72.1,0.028,0.342,-1.125,-0.323,-1.011,1.03,-0.513,0.244
8,Ryukyu,6,487.5,487.5,129.3537,26.029,0.593,-6527,-6821,72.1,33.3,0.342,0.155,-0.323,-0.612,1.03,-0.766,0.244,-0.207
8,Ryukyu,7,517.5,517.5,129.5645,26.241,0.333,-6821,-6676,33.3,52.1,0.155,0.492,-0.612,-0.47,-0.766,0.105,-0.207,0.606
8,Ryukyu,8,552.5,552.5,129.8028,26.4738,0.759,-6676,-6461,52.1,26.2,0.492,0.193,-0.47,-0.257,0.105,-1.094,0.606,-0.116
8,Ryukyu,9,582.5,582.5,129.9892,26.696,0.444,-6461,-5893,26.2,43.5,0.193,0.247,-0.257,0.303,-1.094,-0.295,-0.116,0.016
8,Ryukyu,10,632.5,632.5,130.4977,26.9312,0.63,-5893,-6084,43.5,59.3,0.247,-0.604,0.303,0.114,-0.295,0.437,0.016,-2.035
8,Ryukyu,11,667.5,667.5,130.7442,27.2087,0.37,-6084,-6008,59.3,64.7,-0.604,0.155,0.114,0.189,0.437,0.687,-2.035,-0.206
8,Ryukyu,12,707.5,707.5,130.7882,27.6387,0.444,-6008,-6316,64.7,34.6,0.155,0.274,0.189,-0.115,0.687,-0.708,-0.206,0.079
8,Ryukyu,13,737.5,737.5,130.6673,27.9749,1.0,-6316,-4980,34.6,63.5,0.274,0.744,-0.115,1.203,-0.708,0.632,0.079,1.213
8,Ryukyu,14,787.5,787.5,130.9416,28.2921,0.667,-4980,-4587,63.5,46.9,0.744,0.361,1.203,1.591,0.632,-0.139,1.213,0.288
8,Ryukyu,15,847.5,847.5,131.3704,28.6211,0.833,-4587,-4750,46.9,56.1,0.361,-0.519,1.591,1.431,-0.139,0.288,0.288,-1.83
8,Ryukyu,16,882.5,882.5,131.6604,28.8336,1.0,-4750,-5636,56.1,57.2,-0.519,0.006,1.431,0.557,0.288,0.341,-1.83,-0.566
8,Ryukyu,17,927.5,927.5,131.9666,29.2044,0.648,-5636,-5659,57.2,100.8,0.006,0.03,0.557,0.533,0.341,2.362,-0.566,-0.508
8,Ryukyu,18,972.5,972.5,132.1151,29.5203,0.741,-5659,-5388,100.8,72.5,0.03,0.192,0.533,0.801,2.362,1.049,-0.508,-0.118
8,Ryukyu,19,1027.5,1027.5,132.3561,29.9666,0.87,-5388,-4441,72.5,65.8,0.192,-0.354,0.801,1.735,1.049,0.74,-0.118,-1.432
8,Ryukyu,20,1057.5,1057.5,132.4534,30.2386,0.704,-4441,-4510,65.8,55.0,-0.354,0.463,1.735,1.668,0.74,0.238,-1.432,0.535
9,Manila,1,42.5,37.5,119.8624,21.3557,0.833,-3075,-3463,113.4,102.1,0.66,0.383,2.897,1.737,1.427,0.862,0.64,0.039
9,Manila,2,72.5,67.5,120.0003,21.0188,0.426,-3463,-3726,102.1,104.4,0.383,0.15,1.737,0.952,0.862,0.976,0.039,-0.465
9,Manila,3,112.5,107.5,120.1318,20.6045,0.704,-3726,-3970,104.4,83.8,0.15,0.314,0.952,0.223,0.976,-0.051,-0.465,-0.109
9,Manila,4,172.5,167.5,120.3156,20.171,0.815,-3970,-4143,83.8,96.5,0.314,-0.289,0.223,-0.295,-0.051,0.585,-0.109,-1.414
9,Manila,5,262.5,257.5,119.9836,19.4898,0.981,-4143,-4198,96.5,86.1,-0.289,0.169,-0.295,-0.46,0.585,0.065,-1.414,-0.422
9,Manila,6,297.5,292.5,119.834,19.2052,0.444,-4198,-4212,86.1,85.0,0.169,0.745,-0.46,-0.501,0.065,0.011,-0.422,0.824
9,Manila,7,352.5,347.5,119.6034,18.7805,0.5,-4212,-4218,85.0,87.1,0.745,0.377,-0.501,-0.52,0.011,0.115,0.824,0.026
9,Manila,8,382.5,377.5,119.4368,18.5618,0.667,-4218,-4188,87.1,83.5,0.377,0.88,-0.52,-0.429,0.115,-0.065,0.026,1.115
9,Manila,9,472.5,467.5,119.0994,17.7971,0.685,-4188,-4230,83.5,83.3,0.88,0.563,-0.429,-0.556,-0.065,-0.072,1.115,0.429
9,Manila,10,517.5,512.5,119.0948,17.37,0.963,-4230,-4240,83.3,37.1,0.563,0.029,-0.556,-0.586,-0.072,-2.374,0.429,-0.725
9,Manila,11,547.5,542.5,119.0544,17.0945,0.722,-4240,-4253,37.1,60.8,0.029,0.154,-0.586,-0.623,-2.374,-1.192,-0.725,-0.456
9,Manila,12,577.5,572.5,119.153,16.8366,0.796,-4253,-4421,60.8,43.3,0.154,0.519,-0.623,-1.127,-1.192,-2.063,-0.456,0.335
10,Philippine,1,32.5,32.5,125.0334,14.4455,0.37,-7011,-7046,49.6,34.6,0.558,0.7,0.516,0.496,1.407,0.437,1.584,2.079
10,Philippine,2,62.5,62.5,125.124,14.1894,0.296,-7046,-7049,34.6,46.7,0.7,0.429,0.496,0.494,0.437,1.216,2.079,1.136
10,Philippine,3,92.5,92.5,125.23,13.94,0.611,-7049,-7045,46.7,26.6,0.429,0.462,0.494,0.497,1.216,-0.08,1.136,1.251
10,Philippine,4,132.5,132.5,125.3474,13.598,1.0,-7045,-8244,26.6,17.0,0.462,0.283,0.497,-0.19,-0.08,-0.695,1.251,0.624
10,Philippine,5,312.5,312.5,126.0581,12.1799,0.667,-8244,-7984,17.0,26.2,0.283,0.453,-0.19,-0.041,-0.695,-0.1,0.624,1.217
10,Philippine,6,352.5,352.5,126.2166,11.8465,0.444,-7984,-8115,26.2,26.7,0.453,0.199,-0.041,-0.116,-0.1,-0.073,1.217,0.331
10,Philippine,7,382.5,382.5,126.2834,11.5773,0.833,-8115,-9059,26.7,16.4,0.199,0.341,-0.116,-0.657,-0.073,-0.735,0.331,0.828
10,Philippine,8,427.5,427.5,126.3909,11.1658,0.556,-9059,-9702,16.4,16.9,0.341,0.144,-0.657,-1.025,-0.735,-0.702,0.828,0.141
10,Philippine,9,702.5,702.5,127.109,8.8712,0.963,-9702,-9019,16.9,19.1,0.144,0.084,-1.025,-0.634,-0.702,-0.561,0.141,-0.071
10,Philippine,10,907.5,907.5,127.3296,7.0281,0.815,-9019,-9525,19.1,21.7,0.084,-0.208,-0.634,-0.924,-0.561,-0.392,-0.071,-1.089
10,Philippine,11,1002.5,1002.5,127.3796,6.2012,0.593,-9525,-8902,21.7,24.5,-0.208,-0.122,-0.924,-0.567,-0.392,-0.212,-1.089,-0.789
10,Philippine,12,1127.5,1127.5,127.8414,5.2751,0.833,-8902,-8385,24.5,28.8,-0.122,-0.467,-0.567,-0.271,-0.212,0.061,-0.789,-1.994
10,Philippine,13,1157.5,1157.5,128.0085,5.0515,0.37,-8385,-8317,28.8,30.0,-0.467,-0.215,-0.271,-0.232,0.061,0.142,-1.994,-1.114
10,Philippine,14,1202.5,1202.5,128.2322,4.7093,0.741,-8317,-7928,30.0,17.2,-0.215,0.016,-0.232,-0.009,0.142,-0.684,-1.114,-0.307
10,Philippine,15,1242.5,1242.5,128.4062,4.393,0.833,-7928,-7145,17.2,33.8,0.016,0.19,-0.009,0.439,-0.684,0.383,-0.307,0.3
10,Philippine,16,1272.5,1272.5,128.5548,4.1621,0.315,-7145,-6639,33.8,44.4,0.19,0.102,0.439,0.729,0.383,1.072,0.3,-0.007
10,Philippine,17,1317.5,1317.5,128.7365,3.8008,0.981,-6639,-6022,44.4,39.7,0.102,-0.25,0.729,1.083,1.072,0.766,-0.007,-1.235
10,Philippine,18,1357.5,1357.5,128.921,3.4962,0.759,-6022,-5658,39.7,38.8,-0.25,0.388,1.083,1.291,0.766,0.706,-1.235,0.991
10,Philippine,19,1387.5,1387.5,129.0584,3.2635,0.648,-5658,-5598,38.8,50.4,0.388,0.008,1.291,1.326,0.706,1.457,0.991,-0.336
10,Philippine,20,1417.5,1417.5,129.1828,3.0196,0.574,-5598,-5477,50.4,42.1,0.008,-0.242,1.326,1.395,1.457,0.92,-0.336,-1.207
10,Philippine,21,1447.5,1447.5,129.2536,2.7482,0.907,-5477,-4357,42.1,46.6,-0.242,-0.543,1.395,2.037,0.92,1.211,-1.207,-2.256
10,Philippine,22,1502.5,1502.5,129.2566,2.2352,0.685,-4357,-4186,46.6,33.8,-0.543,0.321,2.037,2.134,1.211,0.383,-2.256,0.757
10,Philippine,23,1532.5,1532.5,129.2782,1.9648,0.815,-4186,-4998,33.8,78.6,0.321,0.412,2.134,1.67,0.383,3.271,0.757,1.074
10,Philippine,24,1567.5,1567.5,129.3426,1.644,0.519,-4998,-4711,78.6,61.8,0.412,0.025,1.67,1.834,3.271,2.19,1.074,-0.277
10,Philippine,25,1602.5,1602.5,129.134,1.3405,0.796,-4711,-3108,61.8,31.7,0.025,0.302,1.834,2.752,2.19,0.249,-0.277,0.691
11,New Britain,1,27.5,27.5,148.82,-7.3036,0.926,-5924,-6222,52.5,76.2,0.572,0.84,1.82,1.463,0.919,2.149,1.327,2.288
11,New Britain,2,57.5,57.5,149.063,-7.1824,0.611,-6222,-6487,76.2,79.5,0.84,0.635,1.463,1.144,2.149,2.318,2.288,1.552
11,New Britain,3,107.5,107.5,149.4764,-7.0274,1.0,-6487,-6654,79.5,40.2,0.635,0.18,1.144,0.944,2.318,0.284,1.552,-0.081
11,New Britain,4,157.5,157.5,149.9232,-6.9495,0.741,-6654,-6716,40.2,47.1,0.18,0.337,0.944,0.869,0.284,0.638,-0.081,0.482
11,New Britain,5,187.5,187.5,150.1973,-6.9107,0.833,-6716,-6862,47.1,39.2,0.337,0.115,0.869,0.694,0.638,0.231,0.482,-0.313
11,New Britain,6,252.5,252.5,150.7731,-6.738,0.667,-6862,-7264,39.2,28.6,0.115,0.127,0.694,0.212,0.231,-0.321,-0.313,-0.272
11,New Britain,7,287.5,287.5,151.0552,-6.592,0.815,-7264,-7575,28.6,21.1,0.127,0.204,0.212,-0.163,-0.321,-0.71,-0.272,0.005
11,New Britain,8,322.5,322.5,151.3358,-6.4313,0.833,-7575,-7771,21.1,23.9,0.204,0.005,-0.163,-0.398,-0.71,-0.564,0.005,-0.709
11,New Britain,9,367.5,367.5,151.7082,-6.2324,0.815,-7771,-8119,23.9,21.2,0.005,0.177,-0.398,-0.816,-0.564,-0.701,-0.709,-0.09
11,New Britain,10,397.5,397.5,151.9404,-6.1044,0.444,-8119,-8203,21.2,22.9,0.177,0.052,-0.816,-0.917,-0.701,-0.617,-0.09,-0.542
11,New Britain,11,432.5,432.5,152.1864,-5.9715,0.5,-8203,-8170,22.9,22.8,0.052,0.247,-0.917,-0.877,-0.617,-0.623,-0.542,0.16
11,New Britain,12,482.5,482.5,152.581,-5.8016,0.704,-8170,-7762,22.8,20.2,0.247,0.178,-0.877,-0.386,-0.623,-0.754,0.16,-0.087
11,New Britain,13,537.5,537.5,152.9917,-5.8649,0.481,-7762,-7543,20.2,24.7,0.178,0.091,-0.386,-0.123,-0.754,-0.523,-0.087,-0.4
11,New Britain,14,577.5,577.5,153.2962,-5.9862,0.981,-7543,-8712,24.7,20.6,0.091,0.026,-0.123,-1.528,-0.523,-0.733,-0.4,-0.633
11,New Britain,15,617.5,617.5,153.5782,-6.1633,0.63,-8712,-8901,20.6,20.6,0.026,-0.32,-1.528,-1.755,-0.733,-0.733,-0.633,-1.875
12,San Cristobal,1,47.5,47.5,156.3942,-8.7374,0.63,-4164,-4202,69.5,40.8,0.71,0.394,1.324,1.3,1.179,0.162,1.687,0.795
12,San Cristobal,2,97.5,97.5,156.8146,-9.039,1.0,-4202,-4279,40.8,62.1,0.394,-0.605,1.3,1.253,0.162,0.918,0.795,-2.023
12,San Cristobal,3,132.5,132.5,157.0363,-9.21,0.704,-4279,-4086,62.1,106.1,-0.605,-0.081,1.253,1.372,0.918,2.472,-2.023,-0.544
12,San Cristobal,4,212.5,212.5,157.638,-9.598,0.593,-4086,-4140,106.1,109.3,-0.081,0.469,1.372,1.339,2.472,2.585,-0.544,1.006
12,San Cristobal,5,247.5,247.5,157.9338,-9.7124,0.648,-4140,-4280,109.3,83.6,0.469,-0.444,1.339,1.252,2.585,1.676,1.006,-1.569
12,San Cristobal,6,282.5,282.5,158.2784,-9.9814,0.944,-4280,-4676,83.6,41.4,-0.444,-0.602,1.252,1.008,1.676,0.184,-1.569,-2.014
12,San Cristobal,7,337.5,337.5,158.8533,-9.8232,0.741,-4676,-4768,41.4,53.6,-0.602,0.459,1.008,0.951,0.184,0.617,-2.014,0.979
12,San Cristobal,8,382.5,382.5,159.2525,-9.8825,0.759,-4768,-4911,53.6,27.8,0.459,-0.078,0.951,0.863,0.617,-0.297,0.979,-0.536
12,San Cristobal,9,432.5,432.5,159.6519,-10.1028,0.963,-4911,-5261,27.8,38.4,-0.078,0.475,0.863,0.648,-0.297,0.08,-0.536,1.024
12,San Cristobal,10,472.5,472.5,159.9871,-10.2416,0.667,-5261,-5280,38.4,40.0,0.475,0.061,0.648,0.636,0.08,0.136,1.024,-0.144
12,San Cristobal,11,512.5,512.5,160.3531,-10.3596,0.667,-5280,-5285,40.0,40.4,0.061,0.463,0.636,0.633,0.136,0.148,-0.144,0.988
12,San Cristobal,12,582.5,582.5,160.8416,-10.7888,0.815,-5285,-6564,40.4,21.2,0.463,-0.008,0.633,-0.155,0.148,-0.529,0.988,-0.34
12,San Cristobal,13,717.5,717.5,161.8876,-11.3315,0.963,-6564,-7861,21.2,18.0,-0.008,0.221,-0.155,-0.955,-0.529,-0.644,-0.34,0.307
12,San Cristobal,14,962.5,962.5,164.067,-11.0052,0.426,-7861,-7048,18.0,15.0,0.221,0.37,-0.955,-0.454,-0.644,-0.748,0.307,0.728
12,San Cristobal,15,992.5,992.5,164.3302,-10.946,1.0,-7048,-6866,15.0,22.3,0.37,-0.064,-0.454,-0.341,-0.748,-0.491,0.728,-0.497
12,San Cristobal,16,1047.5,1047.5,164.9016,-11.0032,0.815,-6866,-6419,22.3,36.6,-0.064,0.473,-0.341,-0.066,-0.491,0.014,-0.497,1.019
12,San Cristobal,17,1087.5,1087.5,165.2244,-11.2692,0.593,-6419,-6919,36.6,22.2,0.473,0.189,-0.066,-0.374,0.014,-0.493,1.019,0.217
12,San Cristobal,18,1132.5,1132.5,165.5182,-11.5864,1.0,-6919,-8666,22.2,14.7,0.189,0.038,-0.374,-1.451,-0.493,-0.758,0.217,-0.208
12,San Cristobal,19,1322.5,1322.5,166.1103,-13.2068,0.981,-8666,-7121,14.7,15.4,0.038,-0.099,-1.451,-0.499,-0.758,-0.734,-0.208,-0.596
13,Vanuatu,1,47.5,47.5,166.2356,-14.1986,0.852,-6449,-5235,22.5,25.0,-0.424,-0.304,-0.448,0.792,-0.555,-0.484,-1.044,-0.756
13,Vanuatu,2,82.5,82.5,166.2857,-14.5103,0.722,-5235,-4223,25.0,21.2,-0.304,0.35,0.792,1.825,-0.484,-0.59,-0.756,0.817
13,Vanuatu,3,112.5,112.5,166.2668,-14.7816,0.852,-4223,-5224,21.2,70.6,0.35,0.491,1.825,0.803,-0.59,0.802,0.817,1.154
13,Vanuatu,4,157.5,157.5,165.9793,-15.165,0.611,-5224,-4259,70.6,93.8,0.491,0.589,0.803,1.789,0.802,1.456,1.154,1.39
13,Vanuatu,5,187.5,187.5,165.7475,-15.5032,0.944,-4259,-3371,93.8,120.0,0.589,-0.579,1.789,2.695,1.456,2.197,1.39,-1.417
13,Vanuatu,6,217.5,217.5,165.7851,-15.8132,0.944,-3371,-3977,120.0,67.5,-0.579,0.551,2.695,2.076,2.197,0.715,-1.417,1.299
13,Vanuatu,7,247.5,247.5,165.9164,-16.1697,1.0,-3977,-4691,67.5,118.8,0.551,0.742,2.076,1.347,0.715,2.164,1.299,1.759
13,Vanuatu,8,342.5,342.5,166.462,-16.8997,1.0,-4691,-4885,118.8,120.0,0.742,-0.636,1.347,1.15,2.164,2.197,1.759,-1.554
13,Vanuatu,9,382.5,382.5,166.7901,-17.115,0.981,-4885,-5251,120.0,85.8,-0.636,0.558,1.15,0.775,2.197,1.233,-1.554,1.316
13,Vanuatu,10,412.5,412.5,167.2725,-17.0988,0.778,-5251,-6396,85.8,21.9,0.558,0.133,0.775,-0.394,1.233,-0.572,1.316,0.295
13,Vanuatu,11,557.5,557.5,167.5079,-18.4808,0.519,-6396,-6254,21.9,27.2,0.133,-0.108,-0.394,-0.248,-0.572,-0.423,0.295,-0.284
13,Vanuatu,12,597.5,597.5,167.5794,-18.83,0.519,-6254,-6051,27.2,40.2,-0.108,0.141,-0.248,-0.041,-0.423,-0.055,-0.284,0.315
13,Vanuatu,13,662.5,662.5,167.8512,-19.3486,0.426,-6051,-6004,40.2,42.5,0.141,-0.193,-0.041,0.007,-0.055,0.01,0.315,-0.49
13,Vanuatu,14,692.5,692.5,167.9743,-19.5931,0.648,-6004,-5846,42.5,52.9,-0.193,0.328,0.007,0.168,0.01,0.304,-0.49,0.762
13,Vanuatu,15,722.5,722.5,168.1159,-19.8221,1.0,-5846,-6810,52.9,34.3,0.328,-0.31,0.168,-0.816,0.304,-0.221,0.762,-0.771
13,Vanuatu,16,777.5,777.5,168.3332,-20.2752,0.315,-6810,-6903,34.3,37.9,-0.31,-0.605,-0.816,-0.911,-0.221,-0.121,-0.771,-1.479
13,Vanuatu,17,812.5,812.5,168.4794,-20.5554,0.37,-6903,-6863,37.9,31.1,-0.605,-0.292,-0.911,-0.87,-0.121,-0.313,-1.479,-0.726
13,Vanuatu,18,882.5,882.5,168.7846,-21.1162,0.685,-6863,-6200,31.1,30.9,-0.292,-0.267,-0.87,-0.193,-0.313,-0.317,-0.726,-0.668
13,Vanuatu,19,922.5,922.5,168.9942,-21.418,0.519,-6200,-5767,30.9,21.5,-0.267,-0.076,-0.193,0.249,-0.317,-0.583,-0.668,-0.209
13,Vanuatu,20,972.5,972.5,169.2844,-21.7794,0.556,-5767,-6091,21.5,18.9,-0.076,-0.31,0.249,-0.082,-0.583,-0.656,-0.209,-0.77
13,Vanuatu,21,1042.5,1042.5,169.743,-22.2231,1.0,-6091,-6989,18.9,16.2,-0.31,-0.175,-0.082,-0.999,-0.656,-0.731,-0.77,-0.447
13,Vanuatu,22,1122.5,1122.5,170.3173,-22.6996,0.833,-6989,-6486,16.2,20.4,-0.175,0.034,-0.999,-0.485,-0.731,-0.615,-0.447,0.056
13,Vanuatu,23,1192.5,1192.5,170.9242,-22.989,0.722,-6486,-6999,20.4,16.1,0.034,0.05,-0.485,-1.009,-0.615,-0.736,0.056,0.094
13,Vanuatu,24,1307.5,1307.5,172.032,-23.1338,0.63,-6999,-7412,16.1,16.6,0.05,0.185,-1.009,-1.431,-0.736,-0.723,0.094,0.42
14,Tonga,1,32.5,32.5,185.1479,-23.4832,0.37,-10120,-10407,23.6,20.2,0.073,0.12,-1.353,-1.682,0.393,-0.086,-0.41,-0.197
14,Tonga,2,97.5,97.5,185.4486,-22.9691,0.796,-10407,-9712,20.2,21.5,0.12,0.162,-1.682,-0.886,-0.086,0.094,-0.197,-0.006
14,Tonga,3,157.5,157.5,185.742,-22.5014,0.852,-9712,-9404,21.5,21.2,0.162,0.345,-0.886,-0.532,0.094,0.064,-0.006,0.822
14,Tonga,4,187.5,187.5,185.8862,-22.2662,0.685,-9404,-9212,21.2,20.4,0.345,0.114,-0.532,-0.313,0.064,-0.062,0.822,-0.226
14,Tonga,5,257.5,257.5,186.1755,-21.6926,0.648,-9212,-9280,20.4,19.8,0.114,0.314,-0.313,-0.391,-0.062,-0.145,-0.226,0.68
14,Tonga,6,312.5,312.5,186.3561,-21.2308,0.815,-9280,-9686,19.8,13.0,0.314,0.242,-0.391,-0.856,-0.145,-1.105,0.68,0.353
14,Tonga,7,462.5,462.5,186.8832,-19.9761,0.722,-9686,-9343,13.0,20.6,0.242,0.214,-0.856,-0.463,-1.105,-0.024,0.353,0.229
14,Tonga,8,502.5,502.5,186.9976,-19.6321,0.444,-9343,-9411,20.6,18.6,0.214,0.352,-0.463,-0.541,-0.024,-0.312,0.229,0.852
14,Tonga,9,582.5,582.5,187.2022,-18.94,1.0,-9411,-8383,18.6,17.5,0.352,0.307,-0.541,0.637,-0.312,-0.467,0.852,0.647
14,Tonga,10,612.5,612.5,187.3027,-18.6866,0.593,-8383,-8094,17.5,17.1,0.307,0.039,0.637,0.967,-0.467,-0.526,0.647,-0.562
14,Tonga,11,642.5,642.5,187.393,-18.4318,0.722,-8094,-8712,17.1,20.4,0.039,0.216,0.967,0.26,-0.526,-0.062,-0.562,0.239
14,Tonga,12,677.5,677.5,187.4647,-18.1211,0.722,-8712,-8591,20.4,22.8,0.216,0.461,0.26,0.398,-0.062,0.286,0.239,1.347
14,Tonga,13,717.5,717.5,187.5784,-17.7831,0.667,-8591,-8766,22.8,17.8,0.461,-0.063,0.398,0.198,0.286,-0.423,1.347,-1.023
14,Tonga,14,757.5,757.5,187.6706,-17.4252,0.667,-8766,-8765,17.8,20.3,-0.063,0.33,0.198,0.199,-0.423,-0.069,-1.023,0.751
14,Tonga,15,797.5,797.5,187.6996,-17.0632,0.815,-8765,-8878,20.3,12.7,0.33,0.207,0.199,0.07,-0.069,-1.144,0.751,0.197
14,Tonga,16,852.5,852.5,187.8078,-16.566,0.685,-8878,-8569,12.7,19.2,0.207,0.249,0.07,0.423,-1.144,-0.231,0.197,0.387
14,Tonga,17,897.5,897.5,187.8141,-16.1628,0.648,-8569,-8184,19.2,23.3,0.249,0.373,0.423,0.865,-0.231,0.36,0.387,0.947
14,Tonga,18,927.5,927.5,187.778,-15.8826,0.593,-8184,-7979,23.3,22.9,0.373,0.034,0.865,1.099,0.36,0.296,0.947,-0.585
14,Tonga,19,992.5,992.5,187.607,-15.2878,1.0,-7979,-7391,22.9,29.3,0.034,-0.403,1.099,1.773,0.296,1.204,-0.585,-2.563
14,Tonga,20,1027.5,1027.5,187.3784,-15.0275,0.667,-7391,-7605,29.3,42.1,-0.403,-0.499,1.773,1.528,1.204,3.026,-2.563,-2.997
14,Tonga,21,1062.5,1062.5,187.1116,-14.8538,0.667,-7605,-7274,42.1,39.2,-0.499,-0.153,1.528,1.907,3.026,2.604,-2.997,-1.432
14,Tonga,22,1092.5,1092.5,186.8483,-14.7448,0.667,-7274,-7013,39.2,30.0,-0.153,0.265,1.907,2.206,2.604,1.305,-1.432,0.457
15,Kermadec,1,77.5,77.5,184.8292,-24.4239,0.833,-9911,-8831,15.0,23.9,0.154,0.247,-1.164,-0.315,-0.883,-0.326,0.139,0.565
15,Kermadec,2,122.5,122.5,184.858,-24.8277,0.796,-8831,-7748,23.9,21.2,0.247,0.094,-0.315,0.535,-0.326,-0.491,0.565,-0.13
15,Kermadec,3,202.5,202.5,184.769,-25.557,0.648,-7748,-6513,21.2,35.8,0.094,0.013,0.535,1.505,-0.491,0.423,-0.13,-0.499
15,Kermadec,4,232.5,232.5,184.7343,-25.8116,0.259,-6513,-7132,35.8,26.9,0.013,-0.059,1.505,1.019,0.423,-0.134,-0.499,-0.823
15,Kermadec,5,277.5,277.5,184.6066,-26.2024,0.796,-7132,-8101,26.9,18.3,-0.059,-0.106,1.019,0.258,-0.134,-0.674,-0.823,-1.033
15,Kermadec,6,307.5,307.5,184.5664,-26.4722,0.981,-8101,-8478,18.3,19.2,-0.106,0.21,0.258,-0.038,-0.674,-0.618,-1.033,0.394
15,Kermadec,7,372.5,372.5,184.406,-27.0152,0.315,-8478,-8656,19.2,29.6,0.21,0.146,-0.038,-0.178,-0.618,0.031,0.394,0.107
15,Kermadec,8,402.5,402.5,184.3616,-27.278,0.981,-8656,-9465,29.6,16.2,0.146,0.029,-0.178,-0.813,0.031,-0.804,0.107,-0.423
15,Kermadec,9,432.5,432.5,184.3102,-27.5452,0.593,-9465,-9349,16.2,19.0,0.029,0.225,-0.813,-0.722,-0.804,-0.633,-0.423,0.463
15,Kermadec,10,567.5,567.5,183.9984,-28.7266,0.759,-9349,-9491,19.0,17.5,0.225,0.497,-0.722,-0.834,-0.633,-0.726,0.463,1.693
15,Kermadec,11,602.5,602.5,183.9161,-29.0334,0.759,-9491,-9725,17.5,12.5,0.497,0.314,-0.834,-1.017,-0.726,-1.039,1.693,0.865
15,Kermadec,12,642.5,642.5,183.8616,-29.3904,0.556,-9725,-9421,12.5,20.0,0.314,0.149,-1.017,-0.779,-1.039,-0.569,0.865,0.12
15,Kermadec,13,677.5,677.5,183.724,-29.6798,0.389,-9421,-9329,20.0,21.9,0.149,0.343,-0.779,-0.706,-0.569,-0.448,0.12,0.999
15,Kermadec,14,722.5,722.5,183.5026,-30.0382,0.63,-9329,-9301,21.9,18.3,0.343,-0.008,-0.706,-0.685,-0.448,-0.674,0.999,-0.59
15,Kermadec,15,752.5,752.5,183.4085,-30.2978,0.667,-9301,-9500,18.3,16.4,-0.008,0.297,-0.685,-0.84,-0.674,-0.793,-0.59,0.789
15,Kermadec,16,787.5,787.5,183.2634,-30.5876,0.5,-9500,-9427,16.4,22.5,0.297,0.46,-0.84,-0.784,-0.793,-0.413,0.789,1.525
15,Kermadec,17,832.5,832.5,183.1234,-30.9708,0.833,-9427,-9234,22.5,17.9,0.46,-0.051,-0.784,-0.632,-0.413,-0.704,1.525,-0.786
15,Kermadec,18,867.5,867.5,182.9917,-31.264,0.593,-9234,-9121,17.9,28.1,-0.051,0.446,-0.632,-0.543,-0.704,-0.06,-0.786,1.465
15,Kermadec,19,907.5,907.5,182.8136,-31.5904,0.815,-9121,-9778,28.1,14.5,0.446,0.115,-0.543,-1.059,-0.06,-0.916,1.465,-0.035
15,Kermadec,20,977.5,977.5,182.5985,-32.1584,0.833,-9778,-8990,14.5,32.1,0.115,0.22,-1.059,-0.44,-0.916,0.188,-0.035,0.441
15,Kermadec,21,1007.5,1007.5,182.5718,-32.3626,0.389,-8990,-9038,32.1,26.5,0.22,0.05,-0.44,-0.478,0.188,-0.162,0.441,-0.328
15,Kermadec,22,1082.5,1082.5,182.2912,-33.0327,0.981,-9038,-8523,26.5,35.8,0.05,-0.136,-0.478,-0.073,-0.162,0.421,-0.328,-1.173
15,Kermadec,23,1207.5,1207.5,181.8805,-34.073,0.556,-8523,-8195,35.8,38.3,-0.136,-0.313,-0.073,0.184,0.421,0.579,-1.173,-1.974
15,Kermadec,24,1252.5,1252.5,181.7604,-34.4912,0.907,-8195,-7694,38.3,43.2,-0.313,0.096,0.184,0.578,0.579,0.885,-1.974,-0.122
15,Kermadec,25,1287.5,1287.5,181.6361,-34.7774,0.741,-7694,-7438,43.2,67.5,0.096,-0.074,0.578,0.779,0.885,2.407,-0.122,-0.891
15,Kermadec,26,1337.5,1337.5,181.427,-35.2283,0.741,-7438,-7645,67.5,55.8,-0.074,0.378,0.779,0.616,2.407,1.676,-0.891,1.154
15,Kermadec,27,1367.5,1367.5,181.2511,-35.4562,0.5,-7645,-7694,55.8,44.8,0.378,0.439,0.616,0.578,1.676,0.981,1.154,1.431
15,Kermadec,28,1417.5,1417.5,181.1455,-35.8752,1.0,-7694,-6399,44.8,76.2,0.439,-0.285,0.578,1.595,0.981,2.955,1.431,-1.848
15,Kermadec,29,1447.5,1447.5,180.9415,-36.0982,0.833,-6399,-5851,76.2,39.8,-0.285,0.079,1.595,2.025,2.955,0.671,-1.848,-0.196
15,Kermadec,30,1507.5,1507.5,180.6308,-36.6046,0.741,-5851,-5212,39.8,58.1,0.079,0.054,2.025,2.526,0.671,1.815,-0.196,-0.311
15,Kermadec,31,1552.5,1552.5,180.4162,-36.9422,0.667,-5212,-5237,58.1,37.5,0.054,0.114,2.526,2.507,1.815,0.527,-0.311,-0.038
17,Puysegur,1,57.5,27.5,167.9419,-44.0119,0.556,-2229,-3137,73.8,34.4,0.601,0.354,2.584,1.702,0.747,-0.509,0.382,-0.279
17,Puysegur,2,97.5,67.5,167.5336,-44.2464,1.0,-3137,-3817,34.4,103.0,0.354,0.916,1.702,1.042,-0.509,1.681,-0.279,1.22
17,Puysegur,3,172.5,142.5,166.5338,-44.6804,1.0,-3817,-4159,103.0,79.1,0.916,0.392,1.042,0.71,1.681,0.917,1.22,-0.176
17,Puysegur,4,212.5,182.5,166.3843,-45.0117,0.796,-4159,-4282,79.1,82.9,0.392,-0.409,0.71,0.591,0.917,1.04,-0.176,-2.315
17,Puysegur,5,242.5,212.5,166.1105,-45.2314,0.87,-4282,-4432,82.9,93.8,-0.409,0.223,0.591,0.444,1.04,1.386,-2.315,-0.627
17,Puysegur,6,272.5,242.5,165.8557,-45.4802,0.574,-4432,-4532,93.8,84.6,0.223,0.645,0.444,0.348,1.386,1.095,-0.627,0.498
17,Puysegur,7,307.5,277.5,165.656,-45.6634,0.852,-4532,-4431,84.6,81.1,0.645,0.984,0.348,0.446,1.095,0.981,0.498,1.402
17,Puysegur,8,342.5,312.5,165.4258,-45.8386,1.0,-4431,-4757,81.1,22.5,0.984,-0.159,0.446,0.129,0.981,-0.888,1.402,-1.647
17,Puysegur,9,392.5,362.5,165.1862,-46.3907,0.833,-4757,-5015,22.5,40.4,-0.159,0.657,0.129,-0.121,-0.888,-0.316,-1.647,0.531
17,Puysegur,10,422.5,392.5,165.0699,-46.6462,0.556,-5015,-5174,40.4,65.4,0.657,0.688,-0.121,-0.275,-0.316,0.482,0.531,0.612
17,Puysegur,11,452.5,422.5,164.966,-46.8954,0.667,-5174,-5522,65.4,43.9,0.688,0.64,-0.275,-0.613,0.482,-0.204,0.612,0.485
17,Puysegur,12,487.5,457.5,164.8293,-47.2003,0.944,-5522,-5987,43.9,22.0,0.64,0.424,-0.613,-1.065,-0.204,-0.905,0.485,-0.093
17,Puysegur,13,727.5,697.5,163.9046,-49.2364,0.778,-5987,-5529,22.0,25.0,0.424,0.635,-1.065,-0.62,-0.905,-0.808,-0.093,0.472
17,Puysegur,14,762.5,732.5,163.7292,-49.5358,0.778,-5529,-5121,25.0,31.2,0.635,0.131,-0.62,-0.225,-0.808,-0.609,0.472,-0.874
19,Middle America,1,137.5,137.5,272.4737,11.1134,0.722,-5095,-5407,28.1,24.4,0.263,0.18,0.652,0.116,-0.308,-0.635,-0.078,-0.446
19,Middle America,2,177.5,177.5,272.1762,11.3224,0.444,-5407,-5338,24.4,30.6,0.18,0.28,0.116,0.236,-0.635,-0.09,-0.446,-0.002
19,Middle America,3,217.5,217.5,271.8711,11.5224,0.833,-5338,-5471,30.6,30.4,0.28,0.103,0.236,0.006,-0.09,-0.111,-0.002,-0.789
19,Middle America,4,282.5,282.5,271.3375,11.7686,0.907,-5471,-5732,30.4,29.2,0.103,0.221,0.006,-0.443,-0.111,-0.212,-0.789,-0.267
19,Middle America,5,442.5,442.5,269.991,12.3181,0.611,-5732,-5941,29.2,23.9,0.221,0.233,-0.443,-0.802,-0.212,-0.672,-0.267,-0.21
19,Middle America,6,537.5,537.5,269.1852,12.623,0.481,-5941,-6113,23.9,25.1,0.233,0.126,-0.802,-1.099,-0.672,-0.569,-0.21,-0.686
19,Middle America,7,732.5,732.5,267.6121,13.3204,0.722,-6113,-6377,25.1,23.5,0.126,0.239,-1.099,-1.552,-0.569,-0.715,-0.686,-0.186
19,Middle America,8,862.5,862.5,266.5677,13.8588,0.648,-6377,-6530,23.5,22.0,0.239,0.135,-1.552,-1.816,-0.715,-0.842,-0.186,-0.649
19,Middle America,9,962.5,962.5,265.7699,14.3142,0.426,-6530,-6326,22.0,26.5,0.135,0.084,-1.816,-1.465,-0.842,-0.453,-0.649,-0.874
19,Middle America,10,1022.5,1022.5,265.2982,14.599,0.63,-6326,-6264,26.5,21.4,0.084,0.23,-1.465,-1.358,-0.453,-0.894,-0.874,-0.224
19,Middle America,11,1102.5,1102.5,264.6835,15.0028,1.0,-6264,-5366,21.4,27.5,0.23,0.394,-1.358,0.186,-0.894,-0.362,-0.224,0.505
19,Middle America,12,1287.5,1287.5,263.0447,15.2918,0.685,-5366,-5029,27.5,35.6,0.394,0.294,0.186,0.767,-0.362,0.346,0.505,0.059
19,Middle America,13,1367.5,1367.5,262.3043,15.45,0.648,-5029,-5162,35.6,33.2,0.294,0.481,0.767,0.538,0.346,0.136,0.059,0.892
19,Middle America,14,1472.5,1472.5,261.3769,15.7596,0.481,-5162,-4961,33.2,37.9,0.481,0.516,0.538,0.884,0.136,0.544,0.892,1.046
19,Middle America,15,1537.5,1537.5,260.7996,15.9588,0.574,-4961,-5377,37.9,28.2,0.516,0.396,0.884,0.168,0.544,-0.302,1.046,0.514
19,Middle America,16,1682.5,1682.5,259.5403,16.4154,0.333,-5377,-5518,28.2,27.1,0.396,0.194,0.168,-0.075,-0.302,-0.399,0.514,-0.384
19,Middle America,17,1712.5,1712.5,259.2771,16.5115,0.611,-5518,-5262,27.1,25.0,0.194,0.391,-0.075,0.365,-0.399,-0.581,-0.384,0.489
19,Middle America,18,1767.5,1767.5,258.7698,16.6555,0.833,-5262,-5058,25.0,34.4,0.391,0.271,0.365,0.716,-0.581,0.237,0.489,-0.043
19,Middle America,19,1807.5,1807.5,258.4213,16.7927,0.778,-5058,-4866,34.4,46.8,0.271,0.482,0.716,1.047,0.237,1.32,-0.043,0.897
19,Middle America,20,1842.5,1842.5,258.1359,16.9143,0.852,-4866,-4582,46.8,60.8,0.482,0.676,1.047,1.535,1.32,2.546,0.897,1.759
19,Middle America,21,1872.5,1872.5,257.8028,16.8271,0.815,-4582,-4895,60.8,39.4,0.676,-0.336,1.535,0.997,2.546,0.68,1.759,-2.743
19,Middle America,22,1917.5,1917.5,257.3357,16.8624,0.593,-4895,-4655,39.4,65.0,-0.336,-0.754,0.997,1.41,0.68,2.909,-2.743,-4.6
19,Middle America,23,1947.5,1947.5,257.1465,17.1426,0.963,-4655,-4744,65.0,64.6,-0.754,0.36,1.41,1.257,2.909,2.876,-4.6,0.353
19,Middle America,24,2012.5,2012.5,256.6638,17.5579,0.704,-4744,-4821,64.6,50.0,0.36,0.485,1.257,1.125,2.876,1.601,0.353,0.911
19,Middle America,25,2042.5,2042.5,256.4252,17.7061,0.778,-4821,-4955,50.0,35.4,0.485,0.396,1.125,0.893,1.601,0.328,0.911,0.515
19,Middle America,26,2102.5,2102.5,255.9275,17.9697,0.759,-4955,-4839,35.4,50.0,0.396,0.501,0.893,1.093,0.328,1.601,0.515,0.981
19,Middle America,27,2132.5,2132.5,255.7008,18.1144,1.0,-4839,-4484,50.0,50.5,0.501,0.713,1.093,1.704,1.601,1.64,0.981,1.922
19,Middle America,28,2187.5,2187.5,255.2831,18.4214,0.667,-4484,-4572,50.5,34.4,0.713,0.42,1.704,1.552,1.64,0.237,1.922,0.621
19,Middle America,29,2227.5,2227.5,254.9936,18.6506,0.519,-4572,-4945,34.4,27.5,0.42,0.461,1.552,0.911,0.237,-0.362,0.621,0.801
20,Peru-Chile,1,27.5,27.5,283.8915,-45.3964,0.833,-3271,-3382,84.6,79.9,0.684,0.924,1.617,1.536,1.487,1.293,0.846,1.556
20,Peru-Chile,2,212.5,212.5,284.1732,-43.7388,0.815,-3382,-3811,79.9,81.4,0.924,0.946,1.536,1.22,1.293,1.355,1.556,1.62
20,Peru-Chile,3,572.5,572.5,284.7484,-40.5694,0.481,-3811,-4188,81.4,81.2,0.946,0.742,1.22,0.943,1.355,1.348,1.62,1.017
20,Peru-Chile,4,602.5,602.5,284.7537,-40.296,0.889,-4188,-4309,81.2,90.7,0.742,-0.169,0.943,0.854,1.348,1.742,1.017,-1.67
20,Peru-Chile,5,637.5,637.5,284.7634,-39.9796,0.759,-4309,-4390,90.7,89.4,-0.169,-0.45,0.854,0.794,1.742,1.689,-1.67,-2.501
20,Peru-Chile,6,682.5,682.5,284.853,-39.5824,0.944,-4390,-4510,89.4,84.1,-0.45,0.307,0.794,0.706,1.689,1.467,-2.501,-0.267
20,Peru-Chile,7,752.5,752.5,284.9412,-38.9532,0.593,-4510,-4578,84.1,87.5,0.307,-0.109,0.706,0.656,1.467,1.608,-0.267,-1.496
20,Peru-Chile,8,787.5,787.5,285.0166,-38.6437,0.463,-4578,-4550,87.5,80.0,-0.109,0.527,0.656,0.677,1.608,1.296,-1.496,0.382
20,Peru-Chile,9,817.5,817.5,285.1172,-38.3752,0.667,-4550,-4600,80.0,90.0,0.527,-0.656,0.677,0.64,1.296,1.712,0.382,-3.109
20,Peru-Chile,10,847.5,847.5,285.2267,-38.1296,0.926,-4600,-4685,90.0,87.2,-0.656,0.555,0.64,0.577,1.712,1.595,-3.109,0.466
20,Peru-Chile,11,887.5,887.5,285.2673,-37.7851,0.833,-4685,-4807,87.2,80.3,0.555,0.865,0.577,0.487,1.595,1.309,0.466,1.382
20,Peru-Chile,12,1077.5,1077.5,285.7427,-36.1081,0.648,-4807,-5041,80.3,75.4,0.865,0.701,0.487,0.315,1.309,1.105,1.382,0.898
20,Peru-Chile,13,1107.5,1107.5,285.9052,-35.871,0.648,-5041,-5089,75.4,76.0,0.701,0.887,0.315,0.28,1.105,1.129,0.898,1.445
20,Peru-Chile,14,1207.5,1207.5,286.2652,-35.028,1.0,-5089,-5169,76.0,74.2,0.887,0.531,0.28,0.221,1.129,1.053,1.445,0.395
20,Peru-Chile,15,1237.5,1237.5,286.3294,-34.7484,0.778,-5169,-5249,74.2,56.2,0.531,0.722,0.221,0.162,1.053,0.306,0.395,0.96
20,Peru-Chile,16,1287.5,1287.5,286.6316,-34.3728,0.611,-5249,-5309,56.2,49.6,0.722,0.453,0.162,0.118,0.306,0.031,0.96,0.164
20,Peru-Chile,17,1322.5,1322.5,286.8208,-34.1009,0.704,-5309,-5373,49.6,57.5,0.453,0.848,0.118,0.071,0.031,0.358,0.164,1.331
20,Peru-Chile,18,1392.5,1392.5,287.0836,-33.5349,0.556,-5373,-5398,57.5,58.8,0.848,0.452,0.071,0.053,0.358,0.41,1.331,0.163
20,Peru-Chile,19,1422.5,1422.5,287.1081,-33.2702,0.815,-5398,-5619,58.8,48.3,0.452,-0.23,0.053,-0.11,0.41,-0.023,0.163,-1.853
20,Peru-Chile,20,1452.5,1452.5,287.1897,-32.9978,0.815,-5619,-5835,48.3,34.0,-0.23,0.477,-0.11,-0.269,-0.023,-0.622,-1.853,0.237
20,Peru-Chile,21,1512.5,1512.5,287.3221,-32.4963,0.796,-5835,-6151,34.0,31.9,0.477,0.221,-0.269,-0.501,-0.622,-0.706,0.237,-0.519
20,Peru-Chile,22,1692.5,1692.5,287.4367,-30.8612,0.444,-6151,-6272,31.9,35.0,0.221,0.036,-0.501,-0.591,-0.706,-0.579,-0.519,-1.067
20,Peru-Chile,23,1722.5,1722.5,287.4821,-30.5921,0.389,-6272,-6385,35.0,33.7,0.036,0.367,-0.591,-0.674,-0.579,-0.634,-1.067,-0.09
20,Peru-Chile,24,1892.5,1892.5,287.7123,-29.0952,0.574,-6385,-6460,33.7,27.8,0.367,0.274,-0.674,-0.729,-0.634,-0.88,-0.09,-0.365
20,Peru-Chile,25,1987.5,1987.5,287.9213,-28.2866,0.759,-6460,-6447,27.8,27.1,0.274,0.126,-0.729,-0.719,-0.88,-0.907,-0.365,-0.801
20,Peru-Chile,26,2052.5,2052.5,288.0278,-27.7022,0.759,-6447,-6496,27.1,26.7,0.126,-0.111,-0.719,-0.755,-0.907,-0.926,-0.801,-1.5
20,Peru-Chile,27,2082.5,2082.5,288.1601,-27.451,0.593,-6496,-6891,26.7,30.0,-0.111,0.151,-0.755,-1.045,-0.926,-0.787,-1.5,-0.727
20,Peru-Chile,28,2127.5,2127.5,288.2728,-27.0544,0.833,-6891,-7374,30.0,23.1,0.151,0.318,-1.045,-1.401,-0.787,-1.076,-0.727,-0.233
20,Peru-Chile,29,2172.5,2172.5,288.3486,-26.6551,0.833,-7374,-7376,23.1,22.0,0.318,0.04,-1.401,-1.402,-1.076,-1.121,-0.233,-1.055
20,Peru-Chile,30,2442.5,2442.5,288.5866,-24.2336,0.667,-7376,-7716,22.0,24.4,0.04,0.222,-1.402,-1.652,-1.121,-1.02,-1.055,-0.518
20,Peru-Chile,31,2592.5,2592.5,288.7065,-22.8876,0.481,-7716,-7728,24.4,25.0,0.222,0.059,-1.652,-1.662,-1.02,-0.995,-0.518,-0.997
20,Peru-Chile,32,2652.5,2652.5,288.7708,-22.35,0.5,-7728,-7698,25.0,23.0,0.059,0.338,-1.662,-1.64,-0.995,-1.079,-0.997,-0.173
20,Peru-Chile,33,2752.5,2752.5,288.8197,-21.4543,0.259,-7698,-7497,23.0,22.4,0.338,0.212,-1.64,-1.492,-1.079,-1.106,-0.173,-0.547
20,Peru-Chile,34,2927.5,2927.5,288.5942,-19.8776,0.593,-7497,-7262,22.4,31.3,0.212,0.374,-1.492,-1.319,-1.106,-0.733,-0.547,-0.07
20,Peru-Chile,35,3052.5,3052.5,287.9662,-18.9102,0.667,-7262,-6832,31.3,29.6,0.374,0.006,-1.319,-1.002,-0.733,-0.802,-0.07,-1.155
20,Peru-Chile,36,3087.5,3087.5,287.7827,-18.6401,0.833,-6832,-6776,29.6,33.7,0.006,0.421,-1.002,-0.961,-0.802,-0.633,-1.155,0.07
20,Peru-Chile,37,3222.5,3222.5,286.863,-17.7756,0.63,-6776,-6959,33.7,30.9,0.421,0.242,-0.961,-1.096,-0.633,-0.748,0.07,-0.457
20,Peru-Chile,38,3367.5,3367.5,285.7823,-16.9856,0.444,-6959,-7106,30.9,19.2,0.242,0.304,-1.096,-1.204,-0.748,-1.239,-0.457,-0.274
20,Peru-Chile,39,3397.5,3397.5,285.5309,-16.8507,0.593,-7106,-6667,19.2,27.0,0.304,0.155,-1.204,-0.881,-1.239,-0.912,-0.274,-0.715
20,Peru-Chile,40,3522.5,3522.5,284.62,-16.1516,0.556,-6667,-6059,27.0,24.8,0.155,0.165,-0.881,-0.434,-0.912,-1.004,-0.715,-0.685
20,Peru-Chile,41,3582.5,3582.5,284.2213,-15.7717,0.648,-6059,-5414,24.8,26.0,0.165,0.174,-0.434,0.041,-1.004,-0.955,-0.685,-0.657
20,Peru-Chile,42,3647.5,3647.5,283.7767,-15.3758,0.556,-5414,-5038,26.0,23.8,0.174,0.016,0.041,0.318,-0.955,-1.048,-0.657,-1.125
20,Peru-Chile,43,3677.5,3677.5,283.5968,-15.1686,0.556,-5038,-4966,23.8,31.5,0.016,0.294,0.318,0.371,-1.048,-0.725,-1.125,-0.306
20,Peru-Chile,44,3752.5,3752.5,283.1126,-14.6824,0.815,-4966,-5278,31.5,43.6,0.294,0.232,0.371,0.141,-0.725,-0.22,-0.306,-0.486
20,Peru-Chile,45,3797.5,3797.5,282.8122,-14.4002,0.63,-5278,-5368,43.6,65.1,0.232,0.38,0.141,0.075,-0.22,0.676,-0.486,-0.05
20,Peru-Chile,46,3902.5,3902.5,282.1568,-13.7021,0.37,-5368,-5475,65.1,47.9,0.38,0.309,0.075,-0.004,0.676,-0.041,-0.05,-0.261
20,Peru-Chile,47,3932.5,3932.5,282.034,-13.4438,0.722,-5475,-5646,47.9,64.8,0.309,0.535,-0.004,-0.129,-0.041,0.661,-0.261,0.406
20,Peru-Chile,48,3987.5,3987.5,281.7374,-13.0614,0.944,-5646,-5948,64.8,46.9,0.535,0.512,-0.129,-0.352,0.661,-0.082,0.406,0.34
20,Peru-Chile,49,4097.5,4097.5,281.164,-12.2486,0.722,-5948,-6278,46.9,40.6,0.512,0.491,-0.352,-0.595,-0.082,-0.344,0.34,0.278
20,Peru-Chile,50,4472.5,4472.5,279.3975,-9.3727,0.741,-6278,-6249,40.6,47.3,0.491,0.623,-0.595,-0.573,-0.344,-0.065,0.278,0.666
20,Peru-Chile,51,4552.5,4552.5,279.1086,-8.7222,0.833,-6249,-6218,47.3,33.2,0.623,0.411,-0.573,-0.55,-0.065,-0.654,0.666,0.041
20,Peru-Chile,52,4677.5,4677.5,278.6929,-7.7035,1.0,-6218,-5837,33.2,46.2,0.411,0.524,-0.55,-0.271,-0.654,-0.113,0.041,0.375
20,Peru-Chile,53,4847.5,4847.5,278.1605,-6.2631,0.63,-5837,-5698,46.2,49.3,0.524,0.186,-0.271,-0.168,-0.113,0.016,0.375,-0.624
20,Peru-Chile,54,4882.5,4882.5,278.0888,-5.9632,1.0,-5698,-5502,49.3,59.2,0.186,-0.153,-0.168,-0.024,0.016,0.428,-0.624,-1.624
20,Peru-Chile,55,4912.5,4912.5,278.0279,-5.6992,0.37,-5502,-5360,59.2,59.4,-0.153,0.115,-0.024,0.08,0.428,0.437,-1.624,-0.833
20,Peru-Chile,56,4952.5,4952.5,278.018,-5.3395,0.648,-5360,-5384,59.4,47.5,0.115,0.325,0.08,0.063,0.437,-0.058,-0.833,-0.214
20,Peru-Chile,57,5022.5,5022.5,278.0722,-4.7096,0.778,-5384,-5288,47.5,31.5,0.325,0.331,0.063,0.133,-0.058,-0.725,-0.214,-0.197
20,Peru-Chile,58,5072.5,5072.5,278.1058,-4.272,0.833,-5288,-4729,31.5,42.9,0.331,0.453,0.133,0.545,-0.725,-0.252,-0.197,0.165
20,Peru-Chile,59,5107.5,5107.5,278.1617,-3.9614,0.741,-4729,-4722,42.9,70.0,0.453,0.489,0.545,0.55,-0.252,0.879,0.165,0.27
20,Peru-Chile,60,5152.5,5152.5,278.2297,-3.6139,0.556,-4722,-4695,70.0,52.7,0.489,0.578,0.55,0.57,0.879,0.159,0.27,0.534
20,Peru-Chile,61,5212.5,5212.5,278.349,-3.1105,0.889,-4695,-4441,52.7,36.9,0.578,0.321,0.57,0.756,0.159,-0.499,0.534,-0.226
20,Peru-Chile,62,5277.5,5277.5,278.4696,-2.5384,0.852,-4441,-4043,36.9,25.3,0.321,0.146,0.756,1.049,-0.499,-0.984,-0.226,-0.742
20,Peru-Chile,63,5322.5,5322.5,278.5028,-2.1258,0.815,-4043,-3683,25.3,38.9,0.146,0.488,1.049,1.314,-0.984,-0.417,-0.742,0.268
20,Peru-Chile,64,5367.5,5367.5,278.5101,-1.7521,0.981,-3683,-3335,38.9,33.8,0.488,0.179,1.314,1.57,-0.417,-0.631,0.268,-0.643
20,Peru-Chile,65,5397.5,5397.5,278.5546,-1.4878,0.426,-3335,-3266,33.8,29.5,0.179,0.346,1.57,1.621,-0.631,-0.809,-0.643,-0.152
20,Peru-Chile,66,5612.5,5612.5,279.1802,0.311,0.722,-3266,-3702,29.5,65.3,0.346,0.589,1.621,1.3,-0.809,0.684,-0.152,0.567
20,Peru-Chile,67,5652.5,5652.5,279.3195,0.6413,0.574,-3702,-3771,65.3,40.7,0.589,0.443,1.3,1.25,0.684,-0.341,0.567,0.134
20,Peru-Chile,68,5687.5,5687.5,279.481,0.9122,1.0,-3771,-3917,40.7,72.5,0.443,0.707,1.25,1.142,-0.341,0.983,0.134,0.916
20,Peru-Chile,69,5727.5,5727.5,279.6517,1.2224,0.778,-3917,-3742,72.5,80.4,0.707,0.469,1.142,1.271,0.983,1.313,0.916,0.211
20,Peru-Chile,70,5757.5,5757.5,279.3684,1.7223,0.778,-3742,-4311,80.4,20.3,0.469,0.151,1.271,0.852,1.313,-1.192,0.211,-0.726
20,Peru-Chile,71,5802.5,5802.5,279.5762,2.1764,0.37,-4311,-4092,20.3,34.6,0.151,0.193,0.852,1.013,-1.192,-0.596,-0.726,-0.604
20,Peru-Chile,72,5832.5,5832.5,279.8515,2.2858,0.833,-4092,-3392,34.6,92.5,0.193,-0.404,1.013,1.528,-0.596,1.816,-0.604,-2.366
20,Peru-Chile,73,5887.5,5887.5,280.2737,2.5538,0.648,-3392,-3536,92.5,81.2,-0.404,-0.854,1.528,1.422,1.816,1.348,-2.366,-3.695
20,Peru-Chile,74,5917.5,5917.5,280.4528,2.7558,0.519,-3536,-3679,81.2,95.4,-0.854,-0.365,1.422,1.317,1.348,1.938,-3.695,-2.251
20,Peru-Chile,75,5947.5,5947.5,280.6283,2.9542,0.981,-3679,-3770,95.4,86.9,-0.365,0.587,1.317,1.25,1.938,1.585,-2.251,0.561
20,Peru-Chile,76,5992.5,5992.5,280.8824,3.2626,0.593,-3770,-3826,86.9,79.2,0.587,0.822,1.25,1.209,1.585,1.264,0.561,1.253
20,Peru-Chile,77,6057.5,6057.5,281.178,3.6847,0.741,-3826,-3915,79.2,90.4,0.822,0.187,1.209,1.143,1.264,1.727,1.253,-0.62
20,Peru-Chile,78,6092.5,6092.5,281.3842,3.9354,0.833,-3915,-4011,90.4,77.5,0.187,0.836,1.143,1.073,1.727,1.192,-0.62,1.296
20,Peru-Chile,79,6137.5,6137.5,281.6171,4.2594,0.667,-4011,-3923,77.5,80.3,0.836,0.552,1.073,1.138,1.192,1.307,1.296,0.457
20,Peru-Chile,80,6182.5,6182.5,281.7588,4.6388,0.611,-3923,-3759,80.3,82.8,0.552,0.934,1.138,1.258,1.307,1.413,0.457,1.584
20,Peru-Chile,81,6222.5,6222.5,281.8631,4.9751,0.944,-3759,-3748,82.8,83.3,0.934,0.341,1.258,1.267,1.413,1.435,1.584,-0.165
20,Peru-Chile,82,6252.5,6252.5,281.9072,5.2422,0.426,-3748,-3552,83.3,88.8,0.341,0.693,1.267,1.411,1.435,1.66,-0.165,0.872
20,Peru-Chile,83,6282.5,6282.5,282.0138,5.4833,0.667,-3552,-3984,88.8,49.2,0.693,0.245,1.411,1.092,1.66,0.011,0.872,-0.448
