trench_id,cls,s1_rel_km,s2_rel_km,s1_km,s2_km,note
1,fracture_zone,1035.0,1035.0,1035.0,1035.0,extrap45
1,fracture_zone,1730.0,1730.0,1730.0,1730.0,extrap80
1,fracture_zone,3210.0,3210.0,3210.0,3210.0,extrap90
1,fracture_zone,3280.0,3280.0,3280.0,3280.0,extrap75
1,seamount_ridge,475.0,475.0,475.0,475.0,h2216
1,seamount_ridge,3430.0,3430.0,3430.0,3430.0,h1693
2,fracture_zone,305.0,305.0,305.0,305.0,direct
2,fracture_zone,1710.0,1710.0,1710.0,1710.0,direct
2,fracture_zone,1995.0,1995.0,1995.0,1995.0,extrap175
2,seamount_ridge,30.0,30.0,30.0,30.0,h2691
2,seamount_ridge,125.0,125.0,125.0,125.0,h2843
3,fracture_zone,555.0,555.0,555.0,555.0,direct
3,fracture_zone,600.0,600.0,600.0,600.0,direct
3,seamount_ridge,525.0,525.0,525.0,525.0,h3188
3,seamount_ridge,600.0,600.0,600.0,600.0,h2941
4,seamount_ridge,965.0,965.0,965.0,965.0,h1992
5,seamount_ridge,160.0,160.0,160.0,160.0,h1485
5,seamount_ridge,300.0,300.0,300.0,300.0,h1896
5,seamount_ridge,335.0,335.0,335.0,335.0,h1708
5,seamount_ridge,410.0,410.0,410.0,410.0,h1925
5,seamount_ridge,485.0,485.0,485.0,485.0,h3191
5,seamount_ridge,620.0,620.0,620.0,620.0,h2818
5,seamount_ridge,700.0,700.0,700.0,700.0,h2646
5,seamount_ridge,930.0,930.0,930.0,930.0,h1595
5,seamount_ridge,1050.0,1050.0,1050.0,1050.0,h1680
5,seamount_ridge,1160.0,1160.0,1160.0,1160.0,h2725
5,seamount_ridge,1210.0,1210.0,1210.0,1210.0,h1599
5,seamount_ridge,1270.0,1270.0,1270.0,1270.0,h1109
5,seamount_ridge,1785.0,1785.0,1785.0,1785.0,h2098
6,seamount_ridge,355.0,355.0,355.0,355.0,h2057
7,seamount_ridge,95.0,95.0,95.0,95.0,h2734
7,seamount_ridge,190.0,190.0,190.0,190.0,h1251
7,seamount_ridge,235.0,235.0,235.0,235.0,h1017
7,seamount_ridge,290.0,290.0,290.0,290.0,h1774
7,seamount_ridge,325.0,325.0,325.0,325.0,h1197
7,seamount_ridge,420.0,420.0,420.0,420.0,h2349
7,seamount_ridge,460.0,460.0,460.0,460.0,h1177
7,seamount_ridge,500.0,500.0,500.0,500.0,h1437
7,seamount_ridge,540.0,540.0,540.0,540.0,h1384
7,seamount_ridge,605.0,605.0,605.0,605.0,h1093
8,fracture_zone,80.0,80.0,80.0,80.0,extrap60
8,fracture_zone,130.0,130.0,130.0,130.0,extrap110
8,seamount_ridge,40.0,40.0,40.0,40.0,h2206
8,seamount_ridge,605.0,605.0,605.0,605.0,h1695
9,seamount_ridge,530.0,530.0,535.0,535.0,h2966
10,seamount_ridge,40.0,40.0,40.0,40.0,h1170
10,seamount_ridge,185.0,185.0,185.0,185.0,h1309
10,seamount_ridge,475.0,475.0,475.0,475.0,h1128
10,seamount_ridge,1495.0,1495.0,1495.0,1495.0,h1500
12,seamount_ridge,100.0,100.0,100.0,100.0,h2153
12,seamount_ridge,125.0,125.0,125.0,125.0,h1560
12,seamount_ridge,455.0,455.0,455.0,455.0,h2442
12,seamount_ridge,520.0,520.0,520.0,520.0,h1046
12,seamount_ridge,820.0,820.0,820.0,820.0,h1151
12,seamount_ridge,885.0,885.0,885.0,885.0,h1002
13,seamount_ridge,235.0,235.0,235.0,235.0,h2981
13,seamount_ridge,440.0,440.0,440.0,440.0,h1226
13,seamount_ridge,995.0,995.0,995.0,995.0,h1209
14,seamount_ridge,635.0,635.0,635.0,635.0,h3427
14,seamount_ridge,1010.0,1010.0,1010.0,1010.0,h3957
15,plateau,1370.0,1585.0,1370.0,1585.0,Hikurangi_Plateau
15,seamount_ridge,245.0,245.0,245.0,245.0,h2609
15,seamount_ridge,740.0,740.0,740.0,740.0,h1737
15,seamount_ridge,920.0,920.0,920.0,920.0,h1662
17,seamount_ridge,350.0,350.0,380.0,380.0,h1330
17,seamount_ridge,375.0,375.0,405.0,405.0,h1796
17,seamount_ridge,635.0,635.0,665.0,665.0,h1012
17,seamount_ridge,720.0,720.0,750.0,750.0,h1048
19,fracture_zone,740.0,740.0,740.0,740.0,direct
19,fracture_zone,1080.0,1080.0,1080.0,1080.0,extrap60
19,fracture_zone,1150.0,1150.0,1150.0,1150.0,extrap55
19,seamount_ridge,55.0,55.0,55.0,55.0,h1276
20,fracture_zone,5.0,5.0,5.0,5.0,extrap110
20,fracture_zone,200.0,200.0,200.0,200.0,extrap60
20,fracture_zone,435.0,435.0,435.0,435.0,direct
20,fracture_zone,595.0,595.0,595.0,595.0,direct
20,fracture_zone,630.0,630.0,630.0,630.0,extrap100
20,fracture_zone,875.0,875.0,875.0,875.0,extrap85
20,fracture_zone,1520.0,1520.0,1520.0,1520.0,extrap80
20,fracture_zone,3265.0,3265.0,3265.0,3265.0,extrap70
20,fracture_zone,4345.0,4345.0,4345.0,4345.0,direct
20,fracture_zone,4385.0,4385.0,4385.0,4385.0,extrap40
20,fracture_zone,4525.0,4525.0,4525.0,4525.0,extrap155
20,fracture_zone,4935.0,4935.0,4935.0,4935.0,direct
20,fracture_zone,4980.0,4980.0,4980.0,4980.0,extrap50
20,fracture_zone,5050.0,5050.0,5050.0,5050.0,extrap75
20,fracture_zone,5220.0,5220.0,5220.0,5220.0,extrap40
20,plateau,3535.0,3795.0,3535.0,3795.0,Nazca_Ridge
20,plateau,5335.0,5610.0,5335.0,5610.0,Carnegie_Ridge
20,seamount_ridge,2060.0,2060.0,2060.0,2060.0,h2059
20,seamount_ridge,2855.0,2855.0,2855.0,2855.0,h1299
20,seamount_ridge,2960.0,2960.0,2960.0,2960.0,h1665
20,seamount_ridge,5290.0,5290.0,5290.0,5290.0,h1209
