trench_id,smooth,pen_factor,cost,min_size,n_boundaries
1,1,0.5,l2,4,96
1,1,0.5,l2,6,78
1,1,0.5,l2,8,67
1,1,0.5,normal,4,123
1,1,0.5,normal,6,84
1,1,0.5,normal,8,68
1,1,1.0,l2,4,75
1,1,1.0,l2,6,65
1,1,1.0,l2,8,51
1,1,1.0,normal,4,39
1,1,1.0,normal,6,36
1,1,1.0,normal,8,35
1,1,2.0,l2,4,47
1,1,2.0,l2,6,43
1,1,2.0,l2,8,40
1,1,2.0,normal,4,15
1,1,2.0,normal,6,15
1,1,2.0,normal,8,15
1,3,0.5,l2,4,95
1,3,0.5,l2,6,78
1,3,0.5,l2,8,67
1,3,0.5,normal,4,133
1,3,0.5,normal,6,89
1,3,0.5,normal,8,68
1,3,1.0,l2,4,75
1,3,1.0,l2,6,65
1,3,1.0,l2,8,51
1,3,1.0,normal,4,49
1,3,1.0,normal,6,40
1,3,1.0,normal,8,39
1,3,2.0,l2,4,47
1,3,2.0,l2,6,43
1,3,2.0,l2,8,40
1,3,2.0,normal,4,15
1,3,2.0,normal,6,15
1,3,2.0,normal,8,15
1,5,0.5,l2,4,95
1,5,0.5,l2,6,78
1,5,0.5,l2,8,67
1,5,0.5,normal,4,130
1,5,0.5,normal,6,93
1,5,0.5,normal,8,72
1,5,1.0,l2,4,75
1,5,1.0,l2,6,64
1,5,1.0,l2,8,51
1,5,1.0,normal,4,54
1,5,1.0,normal,6,47
1,5,1.0,normal,8,43
1,5,2.0,l2,4,47
1,5,2.0,l2,6,43
1,5,2.0,l2,8,40
1,5,2.0,normal,4,15
1,5,2.0,normal,6,15
1,5,2.0,normal,8,15
2,1,0.5,l2,4,55
2,1,0.5,l2,6,45
2,1,0.5,l2,8,37
2,1,0.5,normal,4,84
2,1,0.5,normal,6,47
2,1,0.5,normal,8,39
2,1,1.0,l2,4,35
2,1,1.0,l2,6,29
2,1,1.0,l2,8,25
2,1,1.0,normal,4,34
2,1,1.0,normal,6,24
2,1,1.0,normal,8,20
2,1,2.0,l2,4,24
2,1,2.0,l2,6,23
2,1,2.0,l2,8,21
2,1,2.0,normal,4,9
2,1,2.0,normal,6,9
2,1,2.0,normal,8,8
2,3,0.5,l2,4,55
2,3,0.5,l2,6,45
2,3,0.5,l2,8,37
2,3,0.5,normal,4,84
2,3,0.5,normal,6,54
2,3,0.5,normal,8,42
2,3,1.0,l2,4,35
2,3,1.0,l2,6,29
2,3,1.0,l2,8,25
2,3,1.0,normal,4,30
2,3,1.0,normal,6,27
2,3,1.0,normal,8,22
2,3,2.0,l2,4,25
2,3,2.0,l2,6,24
2,3,2.0,l2,8,22
2,3,2.0,normal,4,9
2,3,2.0,normal,6,9
2,3,2.0,normal,8,8
2,5,0.5,l2,4,55
2,5,0.5,l2,6,45
2,5,0.5,l2,8,37
2,5,0.5,normal,4,88
2,5,0.5,normal,6,55
2,5,0.5,normal,8,43
2,5,1.0,l2,4,35
2,5,1.0,l2,6,29
2,5,1.0,l2,8,25
2,5,1.0,normal,4,34
2,5,1.0,normal,6,30
2,5,1.0,normal,8,26
2,5,2.0,l2,4,25
2,5,2.0,l2,6,24
2,5,2.0,l2,8,22
2,5,2.0,normal,4,8
2,5,2.0,normal,6,8
2,5,2.0,normal,8,7
3,1,0.5,l2,4,16
3,1,0.5,l2,6,14
3,1,0.5,l2,8,11
3,1,0.5,normal,4,32
3,1,0.5,normal,6,20
3,1,0.5,normal,8,15
3,1,1.0,l2,4,12
3,1,1.0,l2,6,11
3,1,1.0,l2,8,9
3,1,1.0,normal,4,18
3,1,1.0,normal,6,11
3,1,1.0,normal,8,8
3,1,2.0,l2,4,10
3,1,2.0,l2,6,9
3,1,2.0,l2,8,8
3,1,2.0,normal,4,7
3,1,2.0,normal,6,7
3,1,2.0,normal,8,7
3,3,0.5,l2,4,16
3,3,0.5,l2,6,14
3,3,0.5,l2,8,11
3,3,0.5,normal,4,33
3,3,0.5,normal,6,19
3,3,0.5,normal,8,15
3,3,1.0,l2,4,12
3,3,1.0,l2,6,11
3,3,1.0,l2,8,9
3,3,1.0,normal,4,14
3,3,1.0,normal,6,13
3,3,1.0,normal,8,11
3,3,2.0,l2,4,10
3,3,2.0,l2,6,9
3,3,2.0,l2,8,8
3,3,2.0,normal,4,7
3,3,2.0,normal,6,7
3,3,2.0,normal,8,6
3,5,0.5,l2,4,16
3,5,0.5,l2,6,14
3,5,0.5,l2,8,12
3,5,0.5,normal,4,34
3,5,0.5,normal,6,19
3,5,0.5,normal,8,16
3,5,1.0,l2,4,12
3,5,1.0,l2,6,11
3,5,1.0,l2,8,9
3,5,1.0,normal,4,16
3,5,1.0,normal,6,13
3,5,1.0,normal,8,10
3,5,2.0,l2,4,10
3,5,2.0,l2,6,9
3,5,2.0,l2,8,8
3,5,2.0,normal,4,7
3,5,2.0,normal,6,7
3,5,2.0,normal,8,7
4,1,0.5,l2,4,31
4,1,0.5,l2,6,22
4,1,0.5,l2,8,19
4,1,0.5,normal,4,41
4,1,0.5,normal,6,30
4,1,0.5,normal,8,22
4,1,1.0,l2,4,19
4,1,1.0,l2,6,18
4,1,1.0,l2,8,16
4,1,1.0,normal,4,24
4,1,1.0,normal,6,16
4,1,1.0,normal,8,16
4,1,2.0,l2,4,17
4,1,2.0,l2,6,16
4,1,2.0,l2,8,16
4,1,2.0,normal,4,4
4,1,2.0,normal,6,4
4,1,2.0,normal,8,4
4,3,0.5,l2,4,31
4,3,0.5,l2,6,22
4,3,0.5,l2,8,19
4,3,0.5,normal,4,45
4,3,0.5,normal,6,30
4,3,0.5,normal,8,23
4,3,1.0,l2,4,19
4,3,1.0,l2,6,18
4,3,1.0,l2,8,16
4,3,1.0,normal,4,24
4,3,1.0,normal,6,16
4,3,1.0,normal,8,16
4,3,2.0,l2,4,17
4,3,2.0,l2,6,16
4,3,2.0,l2,8,16
4,3,2.0,normal,4,4
4,3,2.0,normal,6,4
4,3,2.0,normal,8,4
4,5,0.5,l2,4,30
4,5,0.5,l2,6,22
4,5,0.5,l2,8,19
4,5,0.5,normal,4,47
4,5,0.5,normal,6,29
4,5,0.5,normal,8,23
4,5,1.0,l2,4,19
4,5,1.0,l2,6,19
4,5,1.0,l2,8,16
4,5,1.0,normal,4,22
4,5,1.0,normal,6,16
4,5,1.0,normal,8,16
4,5,2.0,l2,4,17
4,5,2.0,l2,6,16
4,5,2.0,l2,8,16
4,5,2.0,normal,4,4
4,5,2.0,normal,6,4
4,5,2.0,normal,8,4
5,1,0.5,l2,4,54
5,1,0.5,l2,6,40
5,1,0.5,l2,8,33
5,1,0.5,normal,4,73
5,1,0.5,normal,6,49
5,1,0.5,normal,8,36
5,1,1.0,l2,4,37
5,1,1.0,l2,6,32
5,1,1.0,l2,8,30
5,1,1.0,normal,4,31
5,1,1.0,normal,6,25
5,1,1.0,normal,8,23
5,1,2.0,l2,4,28
5,1,2.0,l2,6,25
5,1,2.0,l2,8,25
5,1,2.0,normal,4,9
5,1,2.0,normal,6,9
5,1,2.0,normal,8,9
5,3,0.5,l2,4,53
5,3,0.5,l2,6,40
5,3,0.5,l2,8,33
5,3,0.5,normal,4,76
5,3,0.5,normal,6,49
5,3,0.5,normal,8,38
5,3,1.0,l2,4,36
5,3,1.0,l2,6,32
5,3,1.0,l2,8,30
5,3,1.0,normal,4,36
5,3,1.0,normal,6,26
5,3,1.0,normal,8,23
5,3,2.0,l2,4,28
5,3,2.0,l2,6,25
5,3,2.0,l2,8,25
5,3,2.0,normal,4,8
5,3,2.0,normal,6,8
5,3,2.0,normal,8,8
5,5,0.5,l2,4,53
5,5,0.5,l2,6,40
5,5,0.5,l2,8,33
5,5,0.5,normal,4,78
5,5,0.5,normal,6,50
5,5,0.5,normal,8,39
5,5,1.0,l2,4,36
5,5,1.0,l2,6,32
5,5,1.0,l2,8,30
5,5,1.0,normal,4,38
5,5,1.0,normal,6,23
5,5,1.0,normal,8,22
5,5,2.0,l2,4,26
5,5,2.0,l2,6,23
5,5,2.0,l2,8,23
5,5,2.0,normal,4,9
5,5,2.0,normal,6,9
5,5,2.0,normal,8,9
6,1,0.5,l2,4,18
6,1,0.5,l2,6,15
6,1,0.5,l2,8,13
6,1,0.5,normal,4,27
6,1,0.5,normal,6,18
6,1,0.5,normal,8,14
6,1,1.0,l2,4,15
6,1,1.0,l2,6,14
6,1,1.0,l2,8,12
6,1,1.0,normal,4,16
6,1,1.0,normal,6,12
6,1,1.0,normal,8,9
6,1,2.0,l2,4,10
6,1,2.0,l2,6,10
6,1,2.0,l2,8,9
6,1,2.0,normal,4,3
6,1,2.0,normal,6,3
6,1,2.0,normal,8,3
6,3,0.5,l2,4,18
6,3,0.5,l2,6,15
6,3,0.5,l2,8,13
6,3,0.5,normal,4,30
6,3,0.5,normal,6,19
6,3,0.5,normal,8,14
6,3,1.0,l2,4,15
6,3,1.0,l2,6,14
6,3,1.0,l2,8,12
6,3,1.0,normal,4,17
6,3,1.0,normal,6,12
6,3,1.0,normal,8,10
6,3,2.0,l2,4,10
6,3,2.0,l2,6,10
6,3,2.0,l2,8,9
6,3,2.0,normal,4,3
6,3,2.0,normal,6,3
6,3,2.0,normal,8,3
6,5,0.5,l2,4,18
6,5,0.5,l2,6,15
6,5,0.5,l2,8,13
6,5,0.5,normal,4,30
6,5,0.5,normal,6,18
6,5,0.5,normal,8,14
6,5,1.0,l2,4,15
6,5,1.0,l2,6,14
6,5,1.0,l2,8,12
6,5,1.0,normal,4,18
6,5,1.0,normal,6,12
6,5,1.0,normal,8,11
6,5,2.0,l2,4,10
6,5,2.0,l2,6,10
6,5,2.0,l2,8,8
6,5,2.0,normal,4,3
6,5,2.0,normal,6,3
6,5,2.0,normal,8,3
7,1,0.5,l2,4,25
7,1,0.5,l2,6,19
7,1,0.5,l2,8,16
7,1,0.5,normal,4,33
7,1,0.5,normal,6,21
7,1,0.5,normal,8,13
7,1,1.0,l2,4,17
7,1,1.0,l2,6,16
7,1,1.0,l2,8,12
7,1,1.0,normal,4,17
7,1,1.0,normal,6,6
7,1,1.0,normal,8,6
7,1,2.0,l2,4,17
7,1,2.0,l2,6,11
7,1,2.0,l2,8,7
7,1,2.0,normal,4,4
7,1,2.0,normal,6,4
7,1,2.0,normal,8,4
7,3,0.5,l2,4,25
7,3,0.5,l2,6,19
7,3,0.5,l2,8,16
7,3,0.5,normal,4,35
7,3,0.5,normal,6,22
7,3,0.5,normal,8,17
7,3,1.0,l2,4,18
7,3,1.0,l2,6,16
7,3,1.0,l2,8,12
7,3,1.0,normal,4,15
7,3,1.0,normal,6,8
7,3,1.0,normal,8,8
7,3,2.0,l2,4,15
7,3,2.0,l2,6,11
7,3,2.0,l2,8,7
7,3,2.0,normal,4,4
7,3,2.0,normal,6,4
7,3,2.0,normal,8,4
7,5,0.5,l2,4,25
7,5,0.5,l2,6,20
7,5,0.5,l2,8,16
7,5,0.5,normal,4,36
7,5,0.5,normal,6,25
7,5,0.5,normal,8,17
7,5,1.0,l2,4,18
7,5,1.0,l2,6,15
7,5,1.0,l2,8,11
7,5,1.0,normal,4,15
7,5,1.0,normal,6,10
7,5,1.0,normal,8,8
7,5,2.0,l2,4,15
7,5,2.0,l2,6,11
7,5,2.0,l2,8,7
7,5,2.0,normal,4,4
7,5,2.0,normal,6,4
7,5,2.0,normal,8,4
8,1,0.5,l2,4,28
8,1,0.5,l2,6,22
8,1,0.5,l2,8,18
8,1,0.5,normal,4,43
8,1,0.5,normal,6,29
8,1,0.5,normal,8,21
8,1,1.0,l2,4,23
8,1,1.0,l2,6,20
8,1,1.0,l2,8,17
8,1,1.0,normal,4,18
8,1,1.0,normal,6,14
8,1,1.0,normal,8,15
8,1,2.0,l2,4,17
8,1,2.0,l2,6,15
8,1,2.0,l2,8,14
8,1,2.0,normal,4,8
8,1,2.0,normal,6,8
8,1,2.0,normal,8,8
8,3,0.5,l2,4,28
8,3,0.5,l2,6,24
8,3,0.5,l2,8,18
8,3,0.5,normal,4,44
8,3,0.5,normal,6,31
8,3,0.5,normal,8,22
8,3,1.0,l2,4,23
8,3,1.0,l2,6,20
8,3,1.0,l2,8,17
8,3,1.0,normal,4,17
8,3,1.0,normal,6,15
8,3,1.0,normal,8,14
8,3,2.0,l2,4,17
8,3,2.0,l2,6,15
8,3,2.0,l2,8,14
8,3,2.0,normal,4,8
8,3,2.0,normal,6,8
8,3,2.0,normal,8,8
8,5,0.5,l2,4,30
8,5,0.5,l2,6,23
8,5,0.5,l2,8,18
8,5,0.5,normal,4,47
8,5,0.5,normal,6,31
8,5,0.5,normal,8,22
8,5,1.0,l2,4,23
8,5,1.0,l2,6,20
8,5,1.0,l2,8,17
8,5,1.0,normal,4,19
8,5,1.0,normal,6,15
8,5,1.0,normal,8,14
8,5,2.0,l2,4,17
8,5,2.0,l2,6,15
8,5,2.0,l2,8,13
8,5,2.0,normal,4,8
8,5,2.0,normal,6,8
8,5,2.0,normal,8,8
9,1,0.5,l2,4,18
9,1,0.5,l2,6,14
9,1,0.5,l2,8,12
9,1,0.5,normal,4,26
9,1,0.5,normal,6,16
9,1,0.5,normal,8,12
9,1,1.0,l2,4,16
9,1,1.0,l2,6,12
9,1,1.0,l2,8,8
9,1,1.0,normal,4,17
9,1,1.0,normal,6,10
9,1,1.0,normal,8,10
9,1,2.0,l2,4,9
9,1,2.0,l2,6,7
9,1,2.0,l2,8,5
9,1,2.0,normal,4,3
9,1,2.0,normal,6,3
9,1,2.0,normal,8,3
9,3,0.5,l2,4,18
9,3,0.5,l2,6,14
9,3,0.5,l2,8,12
9,3,0.5,normal,4,26
9,3,0.5,normal,6,17
9,3,0.5,normal,8,13
9,3,1.0,l2,4,16
9,3,1.0,l2,6,12
9,3,1.0,l2,8,8
9,3,1.0,normal,4,20
9,3,1.0,normal,6,11
9,3,1.0,normal,8,10
9,3,2.0,l2,4,9
9,3,2.0,l2,6,7
9,3,2.0,l2,8,5
9,3,2.0,normal,4,5
9,3,2.0,normal,6,3
9,3,2.0,normal,8,3
9,5,0.5,l2,4,18
9,5,0.5,l2,6,14
9,5,0.5,l2,8,12
9,5,0.5,normal,4,27
9,5,0.5,normal,6,17
9,5,0.5,normal,8,13
9,5,1.0,l2,4,16
9,5,1.0,l2,6,12
9,5,1.0,l2,8,8
9,5,1.0,normal,4,20
9,5,1.0,normal,6,11
9,5,1.0,normal,8,11
9,5,2.0,l2,4,9
9,5,2.0,l2,6,7
9,5,2.0,l2,8,5
9,5,2.0,normal,4,3
9,5,2.0,normal,6,3
9,5,2.0,normal,8,3
10,1,0.5,l2,4,39
10,1,0.5,l2,6,31
10,1,0.5,l2,8,26
10,1,0.5,normal,4,67
10,1,0.5,normal,6,41
10,1,0.5,normal,8,31
10,1,1.0,l2,4,31
10,1,1.0,l2,6,26
10,1,1.0,l2,8,19
10,1,1.0,normal,4,28
10,1,1.0,normal,6,18
10,1,1.0,normal,8,17
10,1,2.0,l2,4,17
10,1,2.0,l2,6,16
10,1,2.0,l2,8,15
10,1,2.0,normal,4,9
10,1,2.0,normal,6,9
10,1,2.0,normal,8,9
10,3,0.5,l2,4,39
10,3,0.5,l2,6,30
10,3,0.5,l2,8,26
10,3,0.5,normal,4,66
10,3,0.5,normal,6,42
10,3,0.5,normal,8,29
10,3,1.0,l2,4,30
10,3,1.0,l2,6,25
10,3,1.0,l2,8,18
10,3,1.0,normal,4,28
10,3,1.0,normal,6,18
10,3,1.0,normal,8,18
10,3,2.0,l2,4,17
10,3,2.0,l2,6,16
10,3,2.0,l2,8,15
10,3,2.0,normal,4,9
10,3,2.0,normal,6,9
10,3,2.0,normal,8,9
10,5,0.5,l2,4,38
10,5,0.5,l2,6,30
10,5,0.5,l2,8,26
10,5,0.5,normal,4,67
10,5,0.5,normal,6,40
10,5,0.5,normal,8,31
10,5,1.0,l2,4,29
10,5,1.0,l2,6,25
10,5,1.0,l2,8,18
10,5,1.0,normal,4,34
10,5,1.0,normal,6,22
10,5,1.0,normal,8,20
10,5,2.0,l2,4,17
10,5,2.0,l2,6,15
10,5,2.0,l2,8,15
10,5,2.0,normal,4,9
10,5,2.0,normal,6,9
10,5,2.0,normal,8,9
11,1,0.5,l2,4,22
11,1,0.5,l2,6,16
11,1,0.5,l2,8,13
11,1,0.5,normal,4,28
11,1,0.5,normal,6,17
11,1,0.5,normal,8,14
11,1,1.0,l2,4,18
11,1,1.0,l2,6,15
11,1,1.0,l2,8,12
11,1,1.0,normal,4,19
11,1,1.0,normal,6,12
11,1,1.0,normal,8,9
11,1,2.0,l2,4,13
11,1,2.0,l2,6,10
11,1,2.0,l2,8,9
11,1,2.0,normal,4,4
11,1,2.0,normal,6,4
11,1,2.0,normal,8,4
11,3,0.5,l2,4,22
11,3,0.5,l2,6,17
11,3,0.5,l2,8,13
11,3,0.5,normal,4,29
11,3,0.5,normal,6,17
11,3,0.5,normal,8,14
11,3,1.0,l2,4,18
11,3,1.0,l2,6,15
11,3,1.0,l2,8,12
11,3,1.0,normal,4,18
11,3,1.0,normal,6,12
11,3,1.0,normal,8,9
11,3,2.0,l2,4,13
11,3,2.0,l2,6,11
11,3,2.0,l2,8,9
11,3,2.0,normal,4,4
11,3,2.0,normal,6,4
11,3,2.0,normal,8,4
11,5,0.5,l2,4,22
11,5,0.5,l2,6,18
11,5,0.5,l2,8,13
11,5,0.5,normal,4,29
11,5,0.5,normal,6,18
11,5,0.5,normal,8,14
11,5,1.0,l2,4,18
11,5,1.0,l2,6,15
11,5,1.0,l2,8,12
11,5,1.0,normal,4,20
11,5,1.0,normal,6,14
11,5,1.0,normal,8,9
11,5,2.0,l2,4,13
11,5,2.0,l2,6,11
11,5,2.0,l2,8,9
11,5,2.0,normal,4,4
11,5,2.0,normal,6,4
11,5,2.0,normal,8,4
12,1,0.5,l2,4,33
12,1,0.5,l2,6,27
12,1,0.5,l2,8,23
12,1,0.5,normal,4,56
12,1,0.5,normal,6,37
12,1,0.5,normal,8,26
12,1,1.0,l2,4,25
12,1,1.0,l2,6,19
12,1,1.0,l2,8,20
12,1,1.0,normal,4,21
12,1,1.0,normal,6,19
12,1,1.0,normal,8,14
12,1,2.0,l2,4,22
12,1,2.0,l2,6,17
12,1,2.0,l2,8,17
12,1,2.0,normal,4,7
12,1,2.0,normal,6,7
12,1,2.0,normal,8,7
12,3,0.5,l2,4,34
12,3,0.5,l2,6,27
12,3,0.5,l2,8,23
12,3,0.5,normal,4,56
12,3,0.5,normal,6,37
12,3,0.5,normal,8,29
12,3,1.0,l2,4,25
12,3,1.0,l2,6,19
12,3,1.0,l2,8,20
12,3,1.0,normal,4,25
12,3,1.0,normal,6,24
12,3,1.0,normal,8,15
12,3,2.0,l2,4,22
12,3,2.0,l2,6,17
12,3,2.0,l2,8,17
12,3,2.0,normal,4,8
12,3,2.0,normal,6,8
12,3,2.0,normal,8,8
12,5,0.5,l2,4,35
12,5,0.5,l2,6,27
12,5,0.5,l2,8,22
12,5,0.5,normal,4,59
12,5,0.5,normal,6,37
12,5,0.5,normal,8,29
12,5,1.0,l2,4,26
12,5,1.0,l2,6,20
12,5,1.0,l2,8,20
12,5,1.0,normal,4,23
12,5,1.0,normal,6,20
12,5,1.0,normal,8,19
12,5,2.0,l2,4,22
12,5,2.0,l2,6,17
12,5,2.0,l2,8,17
12,5,2.0,normal,4,8
12,5,2.0,normal,6,8
12,5,2.0,normal,8,8
13,1,0.5,l2,4,39
13,1,0.5,l2,6,29
13,1,0.5,l2,8,24
13,1,0.5,normal,4,52
13,1,0.5,normal,6,33
13,1,0.5,normal,8,24
13,1,1.0,l2,4,28
13,1,1.0,l2,6,22
13,1,1.0,l2,8,20
13,1,1.0,normal,4,24
13,1,1.0,normal,6,18
13,1,1.0,normal,8,16
13,1,2.0,l2,4,18
13,1,2.0,l2,6,17
13,1,2.0,l2,8,14
13,1,2.0,normal,4,11
13,1,2.0,normal,6,11
13,1,2.0,normal,8,8
13,3,0.5,l2,4,38
13,3,0.5,l2,6,28
13,3,0.5,l2,8,24
13,3,0.5,normal,4,54
13,3,0.5,normal,6,35
13,3,0.5,normal,8,27
13,3,1.0,l2,4,29
13,3,1.0,l2,6,24
13,3,1.0,l2,8,22
13,3,1.0,normal,4,26
13,3,1.0,normal,6,19
13,3,1.0,normal,8,17
13,3,2.0,l2,4,18
13,3,2.0,l2,6,17
13,3,2.0,l2,8,14
13,3,2.0,normal,4,8
13,3,2.0,normal,6,8
13,3,2.0,normal,8,7
13,5,0.5,l2,4,38
13,5,0.5,l2,6,29
13,5,0.5,l2,8,24
13,5,0.5,normal,4,55
13,5,0.5,normal,6,39
13,5,0.5,normal,8,25
13,5,1.0,l2,4,28
13,5,1.0,l2,6,24
13,5,1.0,l2,8,22
13,5,1.0,normal,4,28
13,5,1.0,normal,6,21
13,5,1.0,normal,8,17
13,5,2.0,l2,4,19
13,5,2.0,l2,6,17
13,5,2.0,l2,8,14
13,5,2.0,normal,4,11
13,5,2.0,normal,6,11
13,5,2.0,normal,8,9
14,1,0.5,l2,4,33
14,1,0.5,l2,6,26
14,1,0.5,l2,8,22
14,1,0.5,normal,4,43
14,1,0.5,normal,6,29
14,1,0.5,normal,8,21
14,1,1.0,l2,4,26
14,1,1.0,l2,6,22
14,1,1.0,l2,8,21
14,1,1.0,normal,4,13
14,1,1.0,normal,6,10
14,1,1.0,normal,8,10
14,1,2.0,l2,4,20
14,1,2.0,l2,6,17
14,1,2.0,l2,8,15
14,1,2.0,normal,4,3
14,1,2.0,normal,6,3
14,1,2.0,normal,8,3
14,3,0.5,l2,4,33
14,3,0.5,l2,6,26
14,3,0.5,l2,8,22
14,3,0.5,normal,4,45
14,3,0.5,normal,6,29
14,3,0.5,normal,8,22
14,3,1.0,l2,4,26
14,3,1.0,l2,6,22
14,3,1.0,l2,8,21
14,3,1.0,normal,4,14
14,3,1.0,normal,6,11
14,3,1.0,normal,8,11
14,3,2.0,l2,4,20
14,3,2.0,l2,6,17
14,3,2.0,l2,8,15
14,3,2.0,normal,4,3
14,3,2.0,normal,6,3
14,3,2.0,normal,8,3
14,5,0.5,l2,4,34
14,5,0.5,l2,6,26
14,5,0.5,l2,8,22
14,5,0.5,normal,4,48
14,5,0.5,normal,6,30
14,5,0.5,normal,8,23
14,5,1.0,l2,4,26
14,5,1.0,l2,6,22
14,5,1.0,l2,8,20
14,5,1.0,normal,4,16
14,5,1.0,normal,6,11
14,5,1.0,normal,8,11
14,5,2.0,l2,4,20
14,5,2.0,l2,6,17
14,5,2.0,l2,8,15
14,5,2.0,normal,4,3
14,5,2.0,normal,6,3
14,5,2.0,normal,8,3
15,1,0.5,l2,4,46
15,1,0.5,l2,6,36
15,1,0.5,l2,8,31
15,1,0.5,normal,4,61
15,1,0.5,normal,6,40
15,1,0.5,normal,8,29
15,1,1.0,l2,4,35
15,1,1.0,l2,6,31
15,1,1.0,l2,8,25
15,1,1.0,normal,4,19
15,1,1.0,normal,6,19
15,1,1.0,normal,8,16
15,1,2.0,l2,4,25
15,1,2.0,l2,6,24
15,1,2.0,l2,8,23
15,1,2.0,normal,4,7
15,1,2.0,normal,6,7
15,1,2.0,normal,8,7
15,3,0.5,l2,4,45
15,3,0.5,l2,6,36
15,3,0.5,l2,8,31
15,3,0.5,normal,4,66
15,3,0.5,normal,6,41
15,3,0.5,normal,8,31
15,3,1.0,l2,4,35
15,3,1.0,l2,6,31
15,3,1.0,l2,8,25
15,3,1.0,normal,4,22
15,3,1.0,normal,6,19
15,3,1.0,normal,8,17
15,3,2.0,l2,4,25
15,3,2.0,l2,6,24
15,3,2.0,l2,8,23
15,3,2.0,normal,4,7
15,3,2.0,normal,6,7
15,3,2.0,normal,8,7
15,5,0.5,l2,4,45
15,5,0.5,l2,6,36
15,5,0.5,l2,8,31
15,5,0.5,normal,4,67
15,5,0.5,normal,6,41
15,5,0.5,normal,8,30
15,5,1.0,l2,4,35
15,5,1.0,l2,6,31
15,5,1.0,l2,8,25
15,5,1.0,normal,4,30
15,5,1.0,normal,6,20
15,5,1.0,normal,8,19
15,5,2.0,l2,4,25
15,5,2.0,l2,6,24
15,5,2.0,l2,8,23
15,5,2.0,normal,4,8
15,5,2.0,normal,6,7
15,5,2.0,normal,8,7
17,1,0.5,l2,4,18
17,1,0.5,l2,6,16
17,1,0.5,l2,8,12
17,1,0.5,normal,4,31
17,1,0.5,normal,6,20
17,1,0.5,normal,8,15
17,1,1.0,l2,4,14
17,1,1.0,l2,6,14
17,1,1.0,l2,8,10
17,1,1.0,normal,4,19
17,1,1.0,normal,6,17
17,1,1.0,normal,8,13
17,1,2.0,l2,4,12
17,1,2.0,l2,6,11
17,1,2.0,l2,8,8
17,1,2.0,normal,4,9
17,1,2.0,normal,6,9
17,1,2.0,normal,8,8
17,3,0.5,l2,4,18
17,3,0.5,l2,6,16
17,3,0.5,l2,8,12
17,3,0.5,normal,4,30
17,3,0.5,normal,6,22
17,3,0.5,normal,8,16
17,3,1.0,l2,4,14
17,3,1.0,l2,6,14
17,3,1.0,l2,8,10
17,3,1.0,normal,4,20
17,3,1.0,normal,6,16
17,3,1.0,normal,8,13
17,3,2.0,l2,4,12
17,3,2.0,l2,6,11
17,3,2.0,l2,8,8
17,3,2.0,normal,4,9
17,3,2.0,normal,6,9
17,3,2.0,normal,8,8
17,5,0.5,l2,4,17
17,5,0.5,l2,6,16
17,5,0.5,l2,8,12
17,5,0.5,normal,4,30
17,5,0.5,normal,6,21
17,5,0.5,normal,8,17
17,5,1.0,l2,4,14
17,5,1.0,l2,6,14
17,5,1.0,l2,8,10
17,5,1.0,normal,4,23
17,5,1.0,normal,6,17
17,5,1.0,normal,8,14
17,5,2.0,l2,4,12
17,5,2.0,l2,6,11
17,5,2.0,l2,8,8
17,5,2.0,normal,4,9
17,5,2.0,normal,6,9
17,5,2.0,normal,8,8
19,1,0.5,l2,4,50
19,1,0.5,l2,6,39
19,1,0.5,l2,8,35
19,1,0.5,normal,4,77
19,1,0.5,normal,6,47
19,1,0.5,normal,8,39
19,1,1.0,l2,4,33
19,1,1.0,l2,6,29
19,1,1.0,l2,8,27
19,1,1.0,normal,4,28
19,1,1.0,normal,6,22
19,1,1.0,normal,8,17
19,1,2.0,l2,4,20
19,1,2.0,l2,6,19
19,1,2.0,l2,8,15
19,1,2.0,normal,4,6
19,1,2.0,normal,6,6
19,1,2.0,normal,8,6
19,3,0.5,l2,4,51
19,3,0.5,l2,6,40
19,3,0.5,l2,8,37
19,3,0.5,normal,4,80
19,3,0.5,normal,6,48
19,3,0.5,normal,8,41
19,3,1.0,l2,4,33
19,3,1.0,l2,6,29
19,3,1.0,l2,8,27
19,3,1.0,normal,4,31
19,3,1.0,normal,6,25
19,3,1.0,normal,8,24
19,3,2.0,l2,4,20
19,3,2.0,l2,6,19
19,3,2.0,l2,8,15
19,3,2.0,normal,4,7
19,3,2.0,normal,6,7
19,3,2.0,normal,8,7
19,5,0.5,l2,4,50
19,5,0.5,l2,6,41
19,5,0.5,l2,8,37
19,5,0.5,normal,4,87
19,5,0.5,normal,6,49
19,5,0.5,normal,8,43
19,5,1.0,l2,4,33
19,5,1.0,l2,6,29
19,5,1.0,l2,8,27
19,5,1.0,normal,4,30
19,5,1.0,normal,6,25
19,5,1.0,normal,8,24
19,5,2.0,l2,4,20
19,5,2.0,l2,6,19
19,5,2.0,l2,8,15
19,5,2.0,normal,4,8
19,5,2.0,normal,6,8
19,5,2.0,normal,8,8
20,1,0.5,l2,4,120
20,1,0.5,l2,6,104
20,1,0.5,l2,8,94
20,1,0.5,normal,4,215
20,1,0.5,normal,6,131
20,1,0.5,normal,8,112
20,1,1.0,l2,4,87
20,1,1.0,l2,6,83
20,1,1.0,l2,8,72
20,1,1.0,normal,4,65
20,1,1.0,normal,6,62
20,1,1.0,normal,8,55
20,1,2.0,l2,4,67
20,1,2.0,l2,6,62
20,1,2.0,l2,8,54
20,1,2.0,normal,4,30
20,1,2.0,normal,6,29
20,1,2.0,normal,8,29
20,3,0.5,l2,4,120
20,3,0.5,l2,6,104
20,3,0.5,l2,8,93
20,3,0.5,normal,4,208
20,3,0.5,normal,6,146
20,3,0.5,normal,8,118
20,3,1.0,l2,4,88
20,3,1.0,l2,6,83
20,3,1.0,l2,8,72
20,3,1.0,normal,4,69
20,3,1.0,normal,6,63
20,3,1.0,normal,8,59
20,3,2.0,l2,4,68
20,3,2.0,l2,6,64
20,3,2.0,l2,8,56
20,3,2.0,normal,4,30
20,3,2.0,normal,6,29
20,3,2.0,normal,8,29
20,5,0.5,l2,4,120
20,5,0.5,l2,6,106
20,5,0.5,l2,8,92
20,5,0.5,normal,4,224
20,5,0.5,normal,6,152
20,5,0.5,normal,8,126
20,5,1.0,l2,4,88
20,5,1.0,l2,6,82
20,5,1.0,l2,8,72
20,5,1.0,normal,4,78
20,5,1.0,normal,6,70
20,5,1.0,normal,8,66
20,5,2.0,l2,4,68
20,5,2.0,l2,6,64
20,5,2.0,l2,8,56
20,5,2.0,normal,4,31
20,5,2.0,normal,6,30
20,5,2.0,normal,8,30
